# Location,Boise River Basin
# Site,Bogus Upper
# PitID,IDBRBU
# Date/Local Time,2020-02-26T14:45
# UTM Zone,11N
# Easting (m),573240
# Northing (m),4845491
# Latitude (deg),43.75884
# Longitude (deg),-116.09017
# Slope (deg),15
# Aspect (deg),155
# Air Temp (deg C),-0.8
# Total Depth (cm),134
# Surveyors,"M. Mason, I. Brangers "
# WISe Serial No,WIS007A
# Weather,"Sunny, patchy cloud cover, warm! No wind at start, with light breeze at the end."
# Precip,None
# Sky,Scattered (1/4 - 1/2 of sky)
# Wind,Light
# Ground Condition,Moist
# Ground Roughness,Smooth
# Ground Vegetation,"Grass,Shrub"
# Vegetation Depth,"3-5,10"
# Tree Canopy,Sparse (5-20%)
# Comments:,"Albedo seems lower than usual. Snow surface has melty crystals and
scattered organic matter."
