# Location,Boise River Basin
# Site,Bogus Upper
# PitID,IDBRBU
# Date/Local Time,2020-01-24T13:15
# UTM Zone,11N
# Easting (m),573240
# Northing (m),4845491
# Latitude (deg),43.75884
# Longitude (deg),-116.09017
# Slope (deg),NaN
# Aspect (deg),125
# Air Temp (deg C),-1.4
# Total Depth (cm),92
# Surveyors,"M. Mason, I. Brangers"
# WISe Serial No,WIS007A
# Weather,"Very foggy, one chair visibility. New snow is dense and wet, easy to walk on! Ground vegetation - small leaves of a flat shrub. IB: melt on interval board was bottom 3cm, very distinct."
# Precip,None
# Sky,Overcast(complete cover)
# Wind,Light
# Ground Condition,Moist
# Ground Roughness,Smooth
# Ground Vegetation,"Grass,Shrub"
# Vegetation Depth,4
# Tree Canopy,Sparse (5-20%)
# Comments:,"Density cutter tare weight is 754g (normally it is 759g) scale is flat
and looks good though. SMP files: -668, -669, -670. 22-12cm LWC
profile B - some organic matter at bottom row; LWC difficult! SMP
files: -668, -669, -670."
