# Location,Boise River Basin
# Site,Banner Snotel
# PitID,IDBRBS
# Date/Local Time,2020-01-30T12:00
# UTM Zone,11N
# Easting,640819
# Northing,4907111
# Latitude,44.30361
# Longitude,-115.23456
# Top (cm),Bottom (cm),Grain Size (mm),Grain Type,Hand Hardness,Manual Wetness,Comments
131.0,120.0,< 1 mm,PP,F,D,NaN
120.0,105.0,< 1 mm,DF,F,D,NaN
105.0,91.0,< 1 mm,DF,4F,D,NaN
91.0,75.0,1-2 mm,DF,1F,D,NaN
75.0,47.0,< 1 mm,RG,¨P,D,NaN
47.0,33.0,1-2 mm,RG,P,D,NaN
33.0,11.0,1-2 mm,RG,1F,D,NaN
11.0,0.0,2-4 mm,MFCR,K,D,icy crust layer
