# Location,Boise River Basin
# Site,Banner Snotel
# PitID,IDBRBS
# Date/Local Time,2020-01-30T12:00
# UTM Zone,11N
# Easting (m),640819
# Northing (m),4907111
# Latitude (deg),44.30361
# Longitude (deg),-115.23456
# Slope (deg),5
# Aspect (deg),NaN
# Air Temp (deg C),-3.4
# Total Depth (cm),131
# Surveyors,I. Brangers
# WISe Serial No,nan
# Weather,"Ground roughness - stone in pit. PD: measurement #5 was under a tree, value is good. "
# Precip,None
# Sky,Clear
# Wind,Calm
# Ground Condition,Frozen
# Ground Roughness,Rough
# Ground Vegetation,Grass
# Vegetation Depth,5
# Tree Canopy,Sparse (5-20%)
# Comments:,Icy layer prevented density measurements in the bottom of the pit.
