# Location,Boise River Basin
# Site,Bogus Upper
# PitID,IDBRBU
# Date/Local Time,2020-02-14T12:30
# UTM Zone,11N
# Easting (m),573240
# Northing (m),4845491
# Latitude (deg),43.75884
# Longitude (deg),-116.09017
# Slope (deg),14
# Aspect (deg),NaN
# Air Temp (deg C),-4.9
# Total Depth (cm),136
# Surveyors,"A. Vincent, I. Brangers, (J. Herzoff - BSU media purposes)"
# WISe Serial No,WIS007A
# Weather,nan
# Precip,None
# Sky,Few (< 1/4 of sky)
# Wind,Light
# Ground Condition,Moist
# Ground Roughness,Smooth
# Ground Vegetation,Grass
# Vegetation Depth,10
# Tree Canopy,Sparse (5-20%)
# Comments:,nan
