# Location,Boise River Basin
# Site,LDP Tree
# PitID,IDBRLT
# Date/Local Time,2020-01-22T13:24
# UTM Zone,11N
# Easting (m),570823
# Northing (m),4842965
# Latitude (deg),43.73634
# Longitude (deg),-116.12052
# Slope (deg),16
# Aspect (deg),140
# Air Temp (deg C),-1.1
# Total Depth (cm),57
# Surveyors,"M. Kraft, D. Murray"
# WISe Serial No,nan
# Weather,"sunny, no wind"
# Precip,None
# Sky,Few (< 1/4 of sky)
# Wind,Calm
# Ground Condition,Moist
# Ground Roughness,Rough
# Ground Vegetation,Deadfall
# Vegetation Depth,
# Tree Canopy,Closed (>70%)
# Comments:,"Field camera died, used cell phone. 24-14 - twig in density sample. 9
cm to ground had ice."
