# Location,Boise River Basin
# Site,LDP Open
# PitID,IDBRLO
# Date/Local Time,2020-01-31T09:26
# UTM Zone,11N
# Easting (m),570716
# Northing (m),4843040
# Latitude (deg),43.73702
# Longitude (deg),-116.12184
# Slope (deg),17
# Aspect (deg),178
# Air Temp (deg C),0
# Total Depth (cm),77
# Surveyors,"M. Kraft, D. Murray"
# WISe Serial No,nan
# Weather,"cloudy, calm. IB: used 250 cc density cutter to get density, then calculated SWE. "
# Precip,None
# Sky,Overcast(complete cover)
# Wind,Calm
# Ground Condition,Frozen
# Ground Roughness,Smooth
# Ground Vegetation,Shrub
# Vegetation Depth,12
# Tree Canopy,No Trees
# Comments:,shrubs from 17cm to ground prevent density measurements.
