,Date,Location,Site,PitID,latitude,longitude
0,2020-01-31,American,Caples Lake,CAAMCL,38.71034,-120.04182
1,2020-02-28,American,Caples Lake,CAAMCL,38.71025,-120.04188
2,2020-02-14,American,Caples Lake,CAAMCL,38.71033,-120.04185
3,2020-02-21,American,Caples Lake,CAAMCL,38.71027,-120.04186
4,2019-12-20,American,Caples Lake,CAAMCL,38.71033,-120.04187
5,2020-03-06,American,Caples Lake,CAAMCL,38.71026,-120.04187
6,2020-03-13,American,Caples Lake,CAAMCL,38.71024,-120.0419
7,2020-01-29,Jemez River,BA Flux Tower,NMJRBA,35.8886,-106.5318
8,2019-12-20,Jemez River,BA Flux Tower,NMJRBA,35.88858,-106.5318
9,2020-03-04,Jemez River,BA Flux Tower,NMJRBA,35.88861,-106.5319
10,2020-02-20,Jemez River,BA Flux Tower,NMJRBA,35.88857,-106.53188
11,2020-01-22,Jemez River,BA Flux Tower,NMJRBA,35.88859,-106.5318
12,2020-02-05,Jemez River,BA Flux Tower,NMJRBA,35.88862,-106.53185
13,2020-02-12,Jemez River,BA Flux Tower,NMJRBA,35.88859,-106.53179
14,2020-02-26,Jemez River,BA Flux Tower,NMJRBA,35.88857,-106.53188
15,2019-12-20,Jemez River,HQ Met Station,NMJRHQ,35.85793,-106.52139
16,2020-01-22,Jemez River,HQ Met Station,NMJRHQ,35.85793,-106.52139
17,2020-01-29,Jemez River,HQ Met Station,NMJRHQ,35.8579,-106.52138
18,2020-02-05,Jemez River,HQ Met Station,NMJRHQ,35.85789,-106.52138
19,2020-02-12,Jemez River,HQ Met Station,NMJRHQ,35.85789,-106.52136
20,2020-02-20,Jemez River,HQ Met Station,NMJRHQ,35.85792,-106.52136
21,2020-02-26,Jemez River,HQ Met Station,NMJRHQ,35.85792,-106.52136
22,2020-03-04,Jemez River,HQ Met Station,NMJRHQ,35.85815,-106.52135
23,2020-01-22,Boise River Basin,LDP Open,IDBRLO,43.73702,-116.1218
24,2020-01-31,Boise River Basin,LDP Open,IDBRLO,43.73701,-116.12188
25,2020-02-12,Boise River Basin,LDP Open,IDBRLO,43.73705,-116.12188
26,2020-02-20,Boise River Basin,LDP Open,IDBRLO,43.73703,-116.12185
27,2020-02-26,Boise River Basin,LDP Open,IDBRLO,43.73702,-116.12182
28,2020-03-04,Boise River Basin,LDP Open,IDBRLO,43.73715,-116.12163
29,2020-03-11,Boise River Basin,LDP Open,IDBRLO,43.73719,-116.12164
30,2019-12-19,Boise River Basin,Bogus Upper,IDBRBU,43.75885,-116.0902
31,2020-01-08,Boise River Basin,Bogus Upper,IDBRBU,43.75885,-116.0902
32,2020-01-16,Boise River Basin,Bogus Upper,IDBRBU,43.75892,-116.09017
33,2020-01-24,Boise River Basin,Bogus Upper,IDBRBU,43.75896,-116.09013
34,2020-01-31,Boise River Basin,Bogus Upper,IDBRBU,43.75881,-116.09003
35,2020-02-07,Boise River Basin,Bogus Upper,IDBRBU,43.75885,-116.09128
36,2020-02-14,Boise River Basin,Bogus Upper,IDBRBU,43.75884,-116.09017
37,2020-02-20,Boise River Basin,Bogus Upper,IDBRBU,43.75881,-116.09017
38,2020-02-26,Boise River Basin,Bogus Upper,IDBRBU,43.75876,-116.09014
39,2020-03-04,Boise River Basin,Bogus Upper,IDBRBU,43.75879,-116.09019
40,2020-03-11,Boise River Basin,Bogus Upper,IDBRBU,43.75882,-116.09025
41,2019-12-18,Boise River Basin,Banner Open,IDBRBO,44.30463,-115.23634
42,2020-01-09,Boise River Basin,Banner Open,IDBRBO,44.30463,-115.23634
43,2020-01-23,Boise River Basin,Banner Open,IDBRBO,44.30461,-115.23598
44,2020-01-30,Boise River Basin,Banner Open,IDBRBO,44.30461,-115.23598
45,2020-02-06,Boise River Basin,Banner Open,IDBRBO,44.30458,-115.23594
46,2020-02-13,Boise River Basin,Banner Open,IDBRBO,44.30447,-115.23606
47,2020-02-19,Boise River Basin,Banner Open,IDBRBO,44.30462,-115.23604
48,2020-02-27,Boise River Basin,Banner Open,IDBRBO,44.30454,-115.23603
49,2020-03-05,Boise River Basin,Banner Open,IDBRBO,44.30448,-115.23599
50,2020-03-12,Boise River Basin,Banner Open,IDBRBO,44.30443,-115.23607
51,2020-01-22,Boise River Basin,LDP Tree,IDBRLT,43.73633,-116.12046
52,2020-01-31,Boise River Basin,LDP Tree,IDBRLT,43.7364,-116.1205
53,2020-02-12,Boise River Basin,LDP Tree,IDBRLT,43.7363,-116.12055
54,2020-02-20,Boise River Basin,LDP Tree,IDBRLT,43.73703,-116.12185
55,2020-02-26,Boise River Basin,LDP Tree,IDBRLT,43.73636,-116.12057
56,2020-03-04,Boise River Basin,LDP Tree,IDBRLT,43.7363,-116.12049
57,2020-03-11,Boise River Basin,LDP Tree,IDBRLT,43.73636,-116.1206
58,2020-02-12,Boise River Basin,Mores Creek Summit,IDBRMC,43.94735,-115.67666
59,2020-03-11,Boise River Basin,Mores Creek Summit,IDBRMC,43.94735,-115.67666
60,2019-12-18,Boise River Basin,Banner Snotel,IDBRBS,44.3036,-115.23457
61,2020-01-09,Boise River Basin,Banner Snotel,IDBRBS,44.30367,-115.23453
62,2020-01-23,Boise River Basin,Banner Snotel,IDBRBS,44.30367,-115.2345
63,2020-01-30,Boise River Basin,Banner Snotel,IDBRBS,44.30359,-115.23462
64,2020-02-06,Boise River Basin,Banner Snotel,IDBRBS,44.30364,-115.23453
65,2020-02-13,Boise River Basin,Banner Snotel,IDBRBS,44.30364,-115.23453
66,2020-02-19,Boise River Basin,Banner Snotel,IDBRBS,44.30394,-115.23453
67,2020-02-27,Boise River Basin,Banner Snotel,IDBRBS,44.30358,-115.23464
68,2020-03-05,Boise River Basin,Banner Snotel,IDBRBS,44.30358,-115.23458
69,2020-03-12,Boise River Basin,Banner Snotel,IDBRBS,44.30359,-115.2346
70,2020-01-31,Grand Mesa,County Line Tree,COGMCT,39.03224,-108.03428
71,2020-03-04,Grand Mesa,County Line Tree,COGMCT,39.03224,-108.03433
72,2020-03-25,Grand Mesa,County Line Tree,COGMCT,39.03221,-108.0346
73,2019-12-19,Grand Mesa,County Line Tree,COGMCT,39.03217,-108.03448
74,2020-01-22,Grand Mesa,County Line Tree,COGMCT,39.03224,-108.03433
75,2020-02-12,Grand Mesa,County Line Tree,COGMCT,39.03223,-108.0343
76,2020-02-19,Grand Mesa,County Line Tree,COGMCT,39.03222,-108.03426
77,2020-02-26,Grand Mesa,County Line Tree,COGMCT,39.03223,-108.03427
78,2020-03-12,Grand Mesa,County Line Tree,COGMCT,39.03226,-108.0344
79,2020-03-18,Grand Mesa,County Line Tree,COGMCT,39.03225,-108.03459
80,2019-12-19,Grand Mesa,Skyway Open,COGMSO,39.04418,-108.06201
81,2020-01-22,Grand Mesa,Skyway Open,COGMSO,39.04417,-108.06202
82,2020-02-19,Grand Mesa,Skyway Open,COGMSO,39.04417,-108.06205
83,2020-03-04,Grand Mesa,Skyway Open,COGMSO,39.04417,-108.06205
84,2020-03-12,Grand Mesa,Skyway Open,COGMSO,39.04416,-108.06203
85,2020-03-21,Grand Mesa,Skyway Open,COGMSO,39.04492,-108.06202
86,2020-02-12,Grand Mesa,Skyway Open,COGMSO,39.04415,-108.06202
87,2020-02-25,Grand Mesa,Skyway Open,COGMSO,39.04417,-108.06195
88,2020-03-28,Grand Mesa,Skyway Open,COGMSO,39.04412,-108.062
89,2020-01-31,Grand Mesa,Skyway Open,COGMSO,39.04408,-108.06204
90,2019-12-20,Grand Mesa,County Line Open,COGMCO,39.03056,-108.03218
91,2019-12-19,Grand Mesa,County Line Open,COGMCO,39.03057,-108.03281
92,2020-02-19,Grand Mesa,County Line Open,COGMCO,39.03057,-108.03218
93,2020-02-26,Grand Mesa,County Line Open,COGMCO,39.03055,-108.03218
94,2020-03-04,Grand Mesa,County Line Open,COGMCO,39.03052,-108.03218
95,2020-03-18,Grand Mesa,County Line Open,COGMCO,39.03044,-108.03187
96,2020-01-22,Grand Mesa,County Line Open,COGMCO,39.03052,-108.03218
97,2020-01-31,Grand Mesa,County Line Open,COGMCO,39.03056,-108.03214
98,2020-02-12,Grand Mesa,County Line Open,COGMCO,39.03053,-108.03219
99,2020-03-12,Grand Mesa,County Line Open,COGMCO,39.0305,-108.03215
100,2020-03-25,Grand Mesa,County Line Open,COGMCO,39.03049,-108.03217
101,2020-01-31,Grand Mesa,Skyway Tree,COGMST,39.04492,-108.06312
102,2020-02-12,Grand Mesa,Skyway Tree,COGMST,39.04492,-108.06308
103,2020-02-19,Grand Mesa,Skyway Tree,COGMST,39.04494,-108.06314
104,2020-02-25,Grand Mesa,Skyway Tree,COGMST,39.04494,-108.06314
105,2020-03-12,Grand Mesa,Skyway Tree,COGMST,39.04496,-108.06311
106,2020-03-28,Grand Mesa,Skyway Tree,COGMST,39.04487,-108.06342
107,2020-03-21,Grand Mesa,Skyway Tree,COGMST,39.04494,-108.06345
108,2020-01-22,Grand Mesa,Skyway Tree,COGMST,39.04496,-108.06316
109,2019-12-18,Senator Beck,Senator Beck,COSBSB,37.90702,-107.72623
110,2020-02-01,Senator Beck,Senator Beck,COSBSB,37.90705,-107.72623
111,2020-02-19,Senator Beck,Senator Beck,COSBSB,37.90708,-107.72626
112,2020-02-26,Senator Beck,Senator Beck,COSBSB,37.90706,-107.72627
113,2020-03-04,Senator Beck,Senator Beck,COSBSB,37.90706,-107.7263
114,2019-12-18,Senator Beck,Swamp Angel,COSBSA,37.90714,-107.7112
115,2020-01-22,Senator Beck,Swamp Angel,COSBSA,37.90717,-107.71121
116,2020-01-29,Senator Beck,Swamp Angel,COSBSA,37.90717,-107.71121
117,2020-02-12,Senator Beck,Swamp Angel,COSBSA,37.90717,-107.71121
118,2020-02-19,Senator Beck,Swamp Angel,COSBSA,37.90712,-107.71121
119,2020-02-26,Senator Beck,Swamp Angel,COSBSA,37.90711,-107.71123
120,2020-03-04,Senator Beck,Swamp Angel,COSBSA,37.90711,-107.71123
121,2020-03-11,Senator Beck,Swamp Angel,COSBSA,37.9071,-107.71118
122,2020-02-05,Niwot Ridge,Saddle,CONWSA,40.05497,-105.59065
123,2020-02-19,Niwot Ridge,Saddle,CONWSA,40.05497,-105.59065
124,2020-02-12,Niwot Ridge,Saddle,CONWSA,40.05497,-105.59065
125,2020-02-26,Niwot Ridge,Saddle,CONWSA,40.05497,-105.59065
126,2020-03-04,Niwot Ridge,Saddle,CONWSA,40.05497,-105.59065
127,2019-12-18,Niwot Ridge,Saddle,CONWSA,40.05497,-105.59065
128,2020-01-29,Niwot Ridge,Saddle,CONWSA,40.05497,-105.59065
129,2019-12-18,Niwot Ridge,C1,CONWC1,40.03317,-105.54616
130,2020-02-19,Niwot Ridge,C1,CONWC1,40.03317,-105.54616
131,2020-02-26,Niwot Ridge,C1,CONWC1,40.03317,-105.54616
132,2020-01-22,Niwot Ridge,C1,CONWC1,40.03317,-105.54616
133,2020-02-05,Niwot Ridge,C1,CONWC1,40.03317,-105.54616
134,2020-01-29,Niwot Ridge,C1,CONWC1,40.03317,-105.54616
135,2020-02-12,Niwot Ridge,C1,CONWC1,40.03317,-105.54616
136,2020-03-11,Niwot Ridge,C1,CONWC1,40.03317,-105.54616
137,2020-03-04,Niwot Ridge,C1,CONWC1,40.03317,-105.54616
138,2020-01-24,Little Cottonwood,Alta Collins,UTLCAC,40.5721,-111.62997
139,2020-01-31,Little Cottonwood,Alta Collins,UTLCAC,40.5721,-111.62997
140,2020-02-13,Little Cottonwood,Alta Collins,UTLCAC,40.5721,-111.62997
141,2020-02-20,Little Cottonwood,Alta Collins,UTLCAC,40.5721,-111.62997
142,2020-02-27,Little Cottonwood,Alta Collins,UTLCAC,40.5721,-111.62997
143,2020-03-05,Little Cottonwood,Alta Collins,UTLCAC,40.5721,-111.62997
144,2020-03-12,Little Cottonwood,Alta Collins,UTLCAC,40.5721,-111.62997
145,2020-01-24,Little Cottonwood,Atwater,UTLCAW,40.59125,-111.63759
146,2020-01-31,Little Cottonwood,Atwater,UTLCAW,40.59125,-111.63759
147,2020-02-13,Little Cottonwood,Atwater,UTLCAW,40.59125,-111.63759
148,2020-02-20,Little Cottonwood,Atwater,UTLCAW,40.59125,-111.63759
149,2020-02-27,Little Cottonwood,Atwater,UTLCAW,40.59125,-111.63759
150,2020-03-05,Little Cottonwood,Atwater,UTLCAW,40.59125,-111.63759
151,2020-03-12,Little Cottonwood,Atwater,UTLCAW,40.59125,-111.63759
152,2020-01-29,Sagehen,Tower 4,CASHT4,39.42216,-120.29898
153,2020-03-04,Sagehen,Tower 4,CASHT4,39.42216,-120.29898
154,2020-02-12,Sagehen,Tower 4,CASHT4,39.42216,-120.29898
155,2020-02-19,Sagehen,Tower 4,CASHT4,39.42216,-120.29898
156,2020-02-26,Sagehen,Tower 4,CASHT4,39.42216,-120.29898
157,2020-03-11,Sagehen,Tower 4,CASHT4,39.42216,-120.29898
158,2020-01-29,Sagehen,Open,CASHOP,39.43036,-120.23982
159,2020-03-11,Sagehen,Open,CASHOP,39.43036,-120.23982
160,2020-03-04,Sagehen,Open,CASHOP,39.43036,-120.23982
161,2020-02-12,Sagehen,Open,CASHOP,39.43036,-120.23982
162,2020-02-19,Sagehen,Open,CASHOP,39.43036,-120.23981
163,2020-02-26,Sagehen,Open,CASHOP,39.43036,-120.23982
164,2019-12-20,Sagehen,Open,CASHOP,39.43041,-120.23981
165,2020-01-29,Sagehen,Forest,CASHFO,39.42957,-120.24203
166,2020-02-12,Sagehen,Forest,CASHFO,39.42954,-120.24212
167,2020-02-19,Sagehen,Forest,CASHFO,39.42954,-120.24212
168,2020-02-26,Sagehen,Forest,CASHFO,39.42954,-120.24212
169,2020-03-04,Sagehen,Forest,CASHFO,39.42954,-120.24212
170,2020-03-11,Sagehen,Forest,CASHFO,39.42954,-120.24212
171,2019-12-20,Sagehen,Forest,CASHFO,39.42957,-120.24203
172,2019-10-24,Fraser,JPL #1,COFEJ1,39.90564,-105.88279
173,2019-10-29,Fraser,JPL #1,COFEJ1,39.90559,-105.88277
174,2019-11-24,Fraser,JPL #1,COFEJ1,39.90556,-105.8828
175,2019-12-03,Fraser,JPL #1,COFEJ1,39.90559,-105.88279
176,2019-12-10,Fraser,JPL #1,COFEJ1,39.90557,-105.88281
177,2019-12-16,Fraser,JPL #1,COFEJ1,39.90559,-105.8828
178,2019-12-23,Fraser,JPL #1,COFEJ1,39.90556,-105.88285
179,2019-12-30,Fraser,JPL #1,COFEJ1,39.90556,-105.88281
180,2020-01-19,Fraser,JPL #1,COFEJ1,39.90557,-105.88284
181,2020-01-24,Fraser,JPL #1,COFEJ1,39.90556,-105.88284
182,2020-01-31,Fraser,JPL #1,COFEJ1,39.90559,-105.88284
183,2020-02-05,Fraser,JPL #1,COFEJ1,39.90555,-105.88283
184,2020-02-10,Fraser,JPL #1,COFEJ1,39.90557,-105.88283
185,2020-02-12,Fraser,JPL #1,COFEJ1,39.90552,-105.88283
186,2020-02-21,Fraser,JPL #1,COFEJ1,39.90553,-105.88281
187,2020-02-26,Fraser,JPL #1,COFEJ1,39.90555,-105.88281
188,2020-03-04,Fraser,JPL #1,COFEJ1,39.90552,-105.88281
189,2020-03-11,Fraser,JPL #1,COFEJ1,39.90551,-105.88281
190,2020-03-18,Fraser,JPL #1,COFEJ1,39.90551,-105.88281
191,2020-01-04,Fraser,JPL #1,COFEJ1,39.90564,-105.88286
192,2019-12-19,Fraser,JPL #1,COFEJ1,39.90555,-105.88281
193,2019-10-24,Fraser,JPL #2,COFEJ2,39.90616,-105.88254
194,2019-10-29,Fraser,JPL #2,COFEJ2,39.90613,-105.88255
195,2019-11-24,Fraser,JPL #2,COFEJ2,39.90612,-105.88255
196,2019-12-03,Fraser,JPL #2,COFEJ2,39.90614,-105.88255
197,2019-12-10,Fraser,JPL #2,COFEJ2,39.90612,-105.88255
198,2019-12-16,Fraser,JPL #2,COFEJ2,39.90614,-105.88261
199,2019-12-30,Fraser,JPL #2,COFEJ2,39.90614,-105.88255
200,2020-01-04,Fraser,JPL #2,COFEJ2,39.90617,-105.88255
201,2020-01-08,Fraser,JPL #2,COFEJ2,39.90609,-105.88086
202,2020-01-19,Fraser,JPL #2,COFEJ2,39.90613,-105.88254
203,2020-02-05,Fraser,JPL #2,COFEJ2,39.90612,-105.88252
204,2020-02-10,Fraser,JPL #2,COFEJ2,39.90611,-105.88254
205,2020-02-21,Fraser,JPL #2,COFEJ2,39.9061,-105.88254
206,2020-03-04,Fraser,JPL #2,COFEJ2,39.90609,-105.88253
207,2020-03-11,Fraser,JPL #2,COFEJ2,39.90609,-105.88253
208,2020-03-18,Fraser,JPL #2,COFEJ2,39.90609,-105.88253
209,2020-02-26,Fraser,SNB #1,COFEB1,39.90699,-105.87785
210,2020-01-31,Fraser,SNB #1,COFEB1,39.90701,-105.87783
211,2020-02-05,Fraser,SNB #1,COFEB1,39.90699,-105.87791
212,2020-02-12,Fraser,SNB #1,COFEB1,39.90704,-105.87755
213,2020-02-21,Fraser,SNB #1,COFEB1,39.90696,-105.87783
214,2020-03-11,Fraser,SNB #1,COFEB1,39.90696,-105.87777
215,2019-12-19,Fraser,SNB #1,COFEB1,39.90692,-105.87789
216,2020-03-04,Fraser,SNB #1,COFEB1,39.90699,-105.87785
217,2020-01-31,Fraser,SNB #2,COFEB2,39.90705,-105.87907
218,2020-02-05,Fraser,SNB #2,COFEB2,39.90703,-105.87904
219,2020-02-21,Fraser,SNB #2,COFEB2,39.90705,-105.87901
220,2019-12-19,Fraser,SNB #2,COFEB2,39.90701,-105.87904
221,2020-02-12,Fraser,SNB #2,COFEB2,39.90704,-105.87903
222,2020-02-26,Fraser,SNB #2,COFEB2,39.907,-105.87907
223,2019-12-18,Cameron Pass,Michigan River,COCPMR,40.51868,-105.89193
224,2020-01-24,Cameron Pass,Michigan River,COCPMR,40.51868,-105.89192
225,2020-01-31,Cameron Pass,Michigan River,COCPMR,40.51866,-105.89188
226,2020-02-12,Cameron Pass,Michigan River,COCPMR,40.51858,-105.89193
227,2020-02-19,Cameron Pass,Michigan River,COCPMR,40.51869,-105.89199
228,2020-02-26,Cameron Pass,Michigan River,COCPMR,40.52035,-105.89326
229,2020-03-04,Cameron Pass,Michigan River,COCPMR,40.51872,-105.89224
230,2020-03-11,Cameron Pass,Michigan River,COCPMR,40.51857,-105.89189
231,2019-12-18,Cameron Pass,Joe Wright,COCPJW,40.52401,-105.89342
232,2020-01-31,Cameron Pass,Joe Wright,COCPJW,40.52408,-105.89345
233,2020-02-12,Cameron Pass,Joe Wright,COCPJW,40.52394,-105.89346
234,2020-02-19,Cameron Pass,Joe Wright,COCPJW,40.52408,-105.89345
235,2020-02-26,Cameron Pass,Joe Wright,COCPJW,40.52412,-105.8935
236,2020-03-04,Cameron Pass,Joe Wright,COCPJW,40.52412,-105.89348
237,2020-03-11,Cameron Pass,Joe Wright,COCPJW,40.52038,-105.89327
238,2020-01-24,Cameron Pass,Joe Wright,COCPJW,40.52406,-105.89342
239,2020-01-24,Mammoth Lakes,Panorama Dome,CAMLPD,37.61966,-119.00027
240,2020-02-05,Mammoth Lakes,Panorama Dome,CAMLPD,37.61964,-119.00027
241,2020-02-19,Mammoth Lakes,Panorama Dome,CAMLPD,37.61959,-119.00027
242,2020-01-29,Mammoth Lakes,Panorama Dome,CAMLPD,37.61965,-119.0003
243,2020-02-12,Mammoth Lakes,Panorama Dome,CAMLPD,37.61964,-119.00027
244,2019-12-18,Mammoth Lakes,Panorama Dome,CAMLPD,37.61965,-119.00034
245,2020-01-29,Mammoth Lakes,CUES Study Plot,CAMLCP,37.64328,-119.02908
246,2020-02-06,Mammoth Lakes,CUES Study Plot,CAMLCP,37.64326,-119.02908
247,2020-02-12,Mammoth Lakes,CUES Study Plot,CAMLCP,37.64325,-119.02907
248,2020-02-19,Mammoth Lakes,CUES Study Plot,CAMLCP,37.64326,-119.02905
249,2020-02-26,Mammoth Lakes,CUES Study Plot,CAMLCP,37.64319,-119.02902
250,2020-03-04,Mammoth Lakes,CUES Study Plot,CAMLCP,37.64319,-119.02905
251,2019-12-18,Mammoth Lakes,CUES Study Plot,CAMLCP,37.64327,-119.02907
252,2020-03-11,Mammoth Lakes,CUES Study Plot,CAMLCP,37.64319,-119.02905
253,2020-01-22,Mammoth Lakes,CUES Study Plot,CAMLCP,37.64329,-119.0291
254,2019-12-18,East River,Gothic,COERGT,38.95931,-106.99044
255,2020-01-17,East River,Gothic,COERGT,38.95931,-106.99049
256,2020-01-24,East River,Gothic,COERGT,38.95925,-106.99035
257,2020-01-29,East River,Gothic,COERGT,38.95929,-106.99051
258,2020-02-05,East River,Gothic,COERGT,38.95917,-106.99057
259,2020-02-12,East River,Gothic,COERGT,38.95924,-106.99063
260,2020-02-19,East River,Gothic,COERGT,38.95924,-106.99063
261,2020-02-26,East River,Gothic,COERGT,38.95924,-106.99063
262,2020-03-11,East River,Gothic,COERGT,38.95924,-106.99049
263,2019-12-19,East River,Irwin Barn,COERIB,38.88812,-107.10796
264,2020-01-17,East River,Irwin Barn,COERIB,38.88812,-107.10796
265,2020-01-22,East River,Irwin Barn,COERIB,38.88812,-107.10796
266,2020-01-29,East River,Irwin Barn,COERIB,38.88812,-107.10796
267,2020-02-05,East River,Irwin Barn,COERIB,38.88812,-107.10796
268,2020-02-12,East River,Irwin Barn,COERIB,38.88812,-107.10796
269,2020-02-19,East River,Irwin Barn,COERIB,38.88812,-107.10796
270,2020-02-26,East River,Irwin Barn,COERIB,38.88812,-107.10796
271,2020-03-12,East River,Irwin Barn,COERIB,38.88812,-107.10796
272,2020-04-08,East River,Irwin Barn,COERIB,38.88812,-107.10796
273,2020-04-22,East River,Irwin Barn,COERIB,38.88812,-107.10796
274,2020-05-06,East River,Irwin Barn,COERIB,38.88812,-107.10796
275,2020-05-20,East River,Irwin Barn,COERIB,38.88812,-107.10796
276,2020-02-01,CB,O6,2,38.92657,-106.97986
277,2020-02-01,CB,Aspen,3,38.92528,-106.97094
278,2020-02-01,CB,Aspen,2,38.92534,-106.97095
279,2020-02-01,CB,Aspen,1,38.92529,-106.97108
280,2020-02-01,CB,F12,2,38.92973,-106.97809
281,2020-02-01,CB,F12 ,1,38.9297,-106.97818
282,2020-02-01,CB,F12 ,3,38.92978,-106.97814
283,2020-02-01,CB,F14,3,38.92893,-106.97759
284,2020-02-01,CB,F14,1,38.92892,-106.97768
285,2020-02-01,CB,F14,2,38.92887,-106.97758
286,2020-02-01,CB,O2,1,38.92669,-106.97835
287,2020-02-01,CB,O2,2,38.92664,-106.97849
288,2020-02-01,CB,O2,3,38.92667,-106.9785
289,2020-02-01,CB,O4,1,38.92632,-106.97921
290,2020-02-01,CB,O4,3,38.92638,-106.97933
291,2020-02-01,CB,O4,2,38.92635,-106.97915
292,2020-02-01,CB,O6,1,38.92667,-106.97976
293,2020-02-01,CB,O6,3,38.92663,-106.98
294,2020-02-02,CB,Upper,1,38.93336,-106.9899
295,2020-02-02,CB,Upper,2,38.9333,-106.98992
296,2020-02-02,CB,Upper,3,38.93315,-106.98975
297,2020-02-26,CB,Aspen,1,38.92532,-106.97115
298,2020-02-26,CB,Aspen,2,38.92533,-106.97116
299,2020-02-26,CB,F13,3,38.92924,-106.97778
300,2020-02-26,CB,F13,1,38.92947,-106.97789
301,2020-02-26,CB,F13,2,38.92938,-106.97777
302,2020-02-26,CB,O2,3,38.92665,-106.97862
303,2020-02-26,CB,F14,1,38.92876,-106.97992
304,2020-02-26,CB,F14,2,38.92881,-106.97781
305,2020-02-26,CB,F14,3,38.92878,-106.97781
306,2020-02-26,CB,O2,2,38.92967,-106.97829
307,2020-02-26,CB,O2,1,38.92665,-106.97862
308,2020-02-26,CB,O4,1,38.92648,-106.97928
309,2020-02-26,CB,O4,2,38.92648,-106.97927
310,2020-02-26,CB,O4,3,38.92633,-106.97924
311,2020-02-26,CB,O6,2,38.92664,-106.97982
312,2020-02-26,CB,Upper,3,38.93343,-106.98983
313,2020-02-26,CB,Upper,2,38.9333,-106.98993
314,2020-04-27,CB,Aspen,2,38.92529,-106.97107
315,2020-04-27,CB,Aspen,1,38.92524,-106.97112
316,2020-02-26,CB,Upper,1,38.93331,-106.98987
317,2020-04-27,CB,Aspen,3,38.92529,-106.97114
318,2020-04-27,CB,O6,1,38.92682,-106.97995
319,2020-04-27,CB,O2,2,38.92653,-106.97835
320,2020-04-27,CB,O2,1,38.92658,-106.97845
321,2020-04-27,CB,O2,3,38.92649,-106.97842
322,2020-04-27,CB,O6,2,38.92681,-106.98001
323,2020-04-27,CB,O6,3,38.92679,-106.98001
324,2020-04-28,CB,F12,1,38.92974,-106.97822
325,2020-04-28,CB,F12,2,38.92974,-106.97817
326,2020-04-28,CB,F12,3,38.92977,-106.9782
327,2020-04-28,CB,F13,1,38.92938,-106.97774
328,2020-04-28,CB,F13,2,38.92941,-106.97768
329,2020-04-28,CB,F13,3,38.92947,-106.97775
330,2020-04-28,CB,F14,3,38.92902,-106.97762
331,2020-04-28,CB,O4,1,38.92617,-106.97888
332,2020-04-28,CB,O4,2,38.92619,-106.979
333,2020-04-28,CB,O4,3,38.92611,-106.97896
334,2020-04-28,CB,F14,1,38.92899,-106.97747
335,2020-04-28,CB,F14,2,38.92908,-106.97752
336,2020-04-29,CB,Upper,3,38.93334,-106.99005
337,2020-04-29,CB,Upper,2,38.93337,-106.99008
338,2020-05-12,CB,F12,2,38.92972,-106.9784
339,2020-05-12,CB,Aspen,1,38.92521,-106.97116
340,2020-04-29,CB,Upper,1,38.93334,-106.99004
341,2020-05-12,CB,F13,1,38.9295,-106.97779
342,2020-05-12,CB,F13,2,38.9295,-106.97776
343,2020-05-12,CB,F13,3,38.92949,-106.97779
344,2020-05-12,CB,F14,1,38.92908,-106.97738
345,2020-05-12,CB,F14,2,38.92905,-106.97739
346,2020-05-12,CB,F14,3,38.92902,-106.97743
347,2020-05-12,CB,Upper,3,38.93329,-106.98996
348,2020-05-13,CB,O4,2,38.92616,-106.97882
349,2020-05-12,CB,Upper,1,38.93329,-106.98999
350,2020-05-12,CB,Upper,2,38.93329,-106.99
351,2020-02-26,CB,F12,1,38.92971,-106.97826
352,2020-05-13,CB,O4,1,38.92612,-106.97886
353,2020-05-13,CB,O4,3,38.92616,-106.97882
354,2020-05-12,CB,F12,1,38.92971,-106.9783
355,2020-05-12,CB,F12,3,38.92982,-106.97841
356,2020-02-26,CB,F12,2,38.92965,-106.97818
357,2020-02-26,CB,O6,1,38.92658,-106.97979
358,2020-02-02,CB,Trench13NorthEdge,NorthE,38.9292,-106.9777
359,2020-02-02,CB,Trench13MiddleCanopy,Middle,38.9292,-106.9777
360,2020-02-02,CB,Trench13SouthOpen,SouthO,38.9292,-106.9777
361,2020-02-02,CB,Trench13NorthOpen,NorthO,38.9292,-106.9777
362,2020-02-02,CB,Trench13SouthEdge,SouthE,38.9292,-106.9777
363,2020-02-26,CB,O6,3,38.92668,-106.97971
364,2020-02-26,CB,F12,3,38.92967,-106.97829
365,2020-04-17,Grand Mesa,County Line Open,COGMCO,39.03397,-108.21391
366,2020-03-06,Grand Mesa,Skyway Open,COGMSO,39.04307,-108.06467
367,2020-04-22,Grand Mesa,Skyway Open,COGMSO,39.04404,-108.06224
368,2020-04-21,Grand Mesa,Skyway Open,COGMSO,39.044,-108.06216
369,2020-04-06,Grand Mesa,Skyway Open,COGMSO,39.05093,-108.0613
370,2020-04-19,Grand Mesa,Skyway Open,COGMSO,39.0441,-108.06182
371,2020-04-06,Grand Mesa,Skyway Open,COGMSO,39.05089,-108.06132
372,2020-03-28,Grand Mesa,Skyway Open,COGMSO,39.05096,-108.06127
373,2020-05-03,Grand Mesa,Skyway Open,COGMSO,39.04391,-108.06235
374,2020-05-03,Grand Mesa,Skyway Open,COGMSO,39.04395,-108.06235
375,2020-04-21,Grand Mesa,Skyway Open,COGMSO,39.04404,-108.06216
376,2020-04-22,Grand Mesa,Skyway Tree,COGMST,39.04442,-108.06358
377,2020-05-03,Grand Mesa,Skyway Tree,COGMST,39.04467,-108.06346
378,2020-05-03,Grand Mesa,Skyway Tree,COGMST,39.04472,-108.0634
379,2020-03-06,Grand Mesa,Skyway Tree,COGMST,39.0429,-108.06502
380,2020-03-28,Grand Mesa,Skyway Tree,COGMST,39.05107,-108.06255
381,2020-04-01,Grand Mesa,Skyway Tree,COGMST,39.05097,-108.06273
382,2020-04-01,Grand Mesa,Skyway Tree,COGMST,39.05089,-108.06278
383,2020-04-18,Grand Mesa,Skyway Tree,COGMST,39.03043,-108.03216
384,2020-04-21,Grand Mesa,Skyway Tree,COGMST,39.0452,-108.06265
385,2020-04-21,Grand Mesa,Skyway Tree,COGMST,39.04272,-108.06464
386,2020-03-05,Grand Mesa,Mesa West Open,COGMWO,39.03418,-108.2148
387,2020-03-16,Grand Mesa,Mesa West Open,COGMWO,39.04416,-108.06204
388,2020-03-16,Grand Mesa,Mesa West Open,COGMWO,39.03414,-108.21219
389,2020-03-16,Grand Mesa,Mesa West Open,COGMWO,39.0345,-108.21472
390,2020-03-31,Grand Mesa,Mesa West Open,COGMWO,39.03363,-108.21405
391,2020-03-31,Grand Mesa,Mesa West Open,COGMWO,39.0337,-108.21403
392,2020-04-08,Grand Mesa,Mesa West Open,COGMWO,39.03396,-108.21386
393,2020-04-09,Grand Mesa,Mesa West Open,COGMWO,39.03381,-108.21387
394,2020-04-09,Grand Mesa,Mesa West Open,COGMWO,39.03373,-108.21407
395,2020-04-09,Grand Mesa,Mesa West Open,COGMWO,39.03398,-108.2139
396,2020-03-05,Grand Mesa,Mesa West Trees,COGMWT,39.03314,-108.22569
397,2020-03-16,Grand Mesa,Mesa West Trees,COGMWT,39.03355,-108.211
398,2020-03-16,Grand Mesa,Mesa West Trees,COGMWT,39.03332,-108.21158
399,2020-03-31,Grand Mesa,Mesa West Trees,COGMWT,39.03255,-108.21436
400,2020-03-31,Grand Mesa,Mesa West Trees,COGMWT,39.03246,-108.21367
401,2020-04-09,Grand Mesa,Mesa West Trees,COGMWT,39.03238,-108.21375
402,2020-04-09,Grand Mesa,Mesa West Trees,COGMWT,39.03237,-108.21373
403,2020-01-22,NW,FF,2,40.03213,-105.54619
404,2020-01-22,NW,FF,3,40.03213,-105.54619
405,2020-01-22,NW,FF,1,40.03213,-105.54619
406,2020-01-22,NW,FS,1,40.04017,-105.55717
407,2020-02-12,NW,FS,3,40.04009,-105.55703
408,2020-02-12,NW,FS,2,40.03998,-105.55703
409,2020-02-12,NW,FS,1,40.03987,-105.55703
410,2020-01-22,NW,FN,2,40.03317,-105.55362
411,2020-02-12,NW,FN,1,40.03212,-105.54606
412,2020-02-12,NW,FF,1,40.03208,-105.54626
413,2020-02-12,NW,FF,2,40.03212,-105.54606
414,2020-01-22,NW,OF ,3,40.03606,-105.55197
415,2020-02-12,NW,OF,1,40.0357,-105.552
416,2020-02-12,NW,OF,3,40.03588,-105.55221
417,2020-02-12,NW,OF,2,40.03581,-105.55206
418,2020-03-11,NW,FF,2,40.03188,-105.54714
419,2020-03-11,NW,FF,1,4.10115,-105.42057
420,2020-03-11,NW,FF,3,40.03193,-105.5472
421,2020-03-11,NW,FN,1,40.03316,-105.55348
422,2020-03-11,NW,FN,2,40.03323,-105.55354
423,2020-03-11,NW,FN,3,40.03318,-105.55361
424,2020-04-22,NW,OF,2,40.03568,-105.55187
425,2020-03-11,NW,OF,1,40.03575,-105.55209
426,2020-05-13,NW,FF,1,40.03148,-105.54673
427,2020-03-11,NW,OF,2,40.03569,-105.55199
428,2020-03-11,NW,OF,3,40.03573,-105.5519
429,2020-04-22,NW,FF,1,40.03315,-105.5435
430,2020-04-22,NW,OF,1,40.03568,-105.55187
431,2020-05-13,NW,FF,2,4.10148,-105.42023
432,2020-05-13,NW,FF,3,40.03155,-105.54669
433,2020-05-13,NW,FN,2,40.0336,-105.55424
434,2020-05-13,NW,FN,1,40.03363,-105.55426
435,2020-05-13,NW,FN,3,40.03361,-105.55409
436,2020-05-13,NW,FN,4,40.0337,-105.55403
437,2020-05-13,NW,FS,1,40.04022,-105.55691
438,2020-05-13,NW,FS,2,40.04037,-105.55691
439,2020-05-13,NW,FS,3,40.04027,-105.55684
440,2020-05-13,NW,FS,4,40.04036,-105.55672
441,2020-05-13,NW,OF,1,40.03576,-105.55216
442,2020-05-13,NW,OF,3,40.03563,-105.55199
443,2020-05-13,NW,OF,4,40.03563,-105.5519
444,2020-01-22,NW,OF,1,40.03604,-105.5524
445,2020-01-22,NW,OF,2,40.03604,-105.55224
446,2020-01-22,NW,FN,1,4.09605,-105.42564
447,2020-01-22,NW,FN,3,40.03314,-105.55338
448,2020-01-22,NW,FS,2,40.0403,-105.55697
449,2020-01-22,NW,FS,3,40.04032,-105.5569
450,2020-03-11,NW,FS,2,38.92659,-106.97971
451,2020-03-11,NW,FS,1,40.04034,-105.55724
452,2020-03-11,NW,FS,3,40.04025,-105.55724
453,2020-05-13,NW,OF,2,40.03574,-105.5521
