,Identifier,PitID,Location,Site,Easting,Northing,Zone,Latitude,Longitude,Date,Local/Standard Time
0,CAAMCL_20191220_1300,CAAMCL,American River Basin,Caples Lake,757216,4288787,10,38.71033,-120.04187,12/20,13:00:00
1,CAAMCL_20200131_1215,CAAMCL,American River Basin,Caples Lake,757220,4288788,10,38.71034,-120.04182,1/31,12:15:00
2,CAAMCL_20200214_1200,CAAMCL,American River Basin,Caples Lake,757218,4288787,10,38.71033,-120.04185,2/14,12:00:00
3,CAAMCL_20200221_1200,CAAMCL,American River Basin,Caples Lake,757217,4288780,10,38.71027,-120.04186,2/21,12:00:00
4,CAAMCL_20200228_1130,CAAMCL,American River Basin,Caples Lake,757215,4288778,10,38.71025,-120.04188,2/28,11:30:00
5,CAAMCL_20200306_1145,CAAMCL,American River Basin,Caples Lake,757216,4288779,10,38.71026,-120.04187,3/6,11:45:00
6,CAAMCL_20200313_1030,CAAMCL,American River Basin,Caples Lake,757214,4288777,10,38.71024,-120.0419,3/13,10:30:00
7,IDBRLO_20200122_1512,IDBRLO,Boise River Basin,LDP Open,570719,4843040,11,43.73702,-116.1218,1/22,15:12:00
8,IDBRLO_20200131_0926,IDBRLO,Boise River Basin,LDP Open,570713,4843038,11,43.73701,-116.12188,1/31,9:26:00
9,IDBRLO_20200212_1519,IDBRLO,Boise River Basin,LDP Open,570713,4843043,11,43.73705,-116.12188,2/12,15:19:00
10,IDBRLO_20200220_0845,IDBRLO,Boise River Basin,LDP Open,570715,4843041,11,43.73703,-116.12185,2/20,8:45:00
11,IDBRLO_20200226_0928,IDBRLO,Boise River Basin,LDP Open,570718,4843040,11,43.73702,-116.12182,2/26,9:28:00
12,IDBRLO_20200304_1210,IDBRLO,Boise River Basin,LDP Open,570733,4843054,11,43.73715,-116.12163,3/4,12:10:00
13,IDBRLO_20200311_0930,IDBRLO,Boise River Basin,LDP Open,570732,4843059,11,43.73719,-116.12164,3/11,9:30:00
14,IDBRLT_20200122_1324,IDBRLT,Boise River Basin,LDP Tree,570828,4842964,11,43.73633,-116.12046,1/22,13:24:00
15,IDBRLT_20200131_1115,IDBRLT,Boise River Basin,LDP Tree,570825,4842972,11,43.7364,-116.1205,1/31,11:15:00
16,IDBRLT_20200212_1400,IDBRLT,Boise River Basin,LDP Tree,570821,4842961,11,43.7363,-116.12055,2/12,14:00:00
17,IDBRLT_20200220_1042,IDBRLT,Boise River Basin,LDP Tree,570823,4842965,11,43.73634,-116.12052,2/20,10:42:00
18,IDBRLT_20200226_1115,IDBRLT,Boise River Basin,LDP Tree,570819,4842967,11,43.73636,-116.12057,2/26,11:15:00
19,IDBRLT_20200304_1111,IDBRLT,Boise River Basin,LDP Tree,570826,4842961,11,43.7363,-116.12049,3/4,11:11:00
20,IDBRLT_20200311_1117,IDBRLT,Boise River Basin,LDP Tree,570817,4842967,11,43.73636,-116.1206,3/11,11:17:00
21,IDBRBO_20191218_1424,IDBRBO,Boise River Basin,Banner Open,640700,4907222,11,44.30464,-115.23603,12/18,14:24:00
22,IDBRBO_20200109_1411,IDBRBO,Boise River Basin,Banner Open,640701,4907221,11,44.30463,-115.23601,1/9,14:11:00
23,IDBRBO_20200123_1430,IDBRBO,Boise River Basin,Banner Open,640704,4907219,11,44.30461,-115.23598,1/23,14:30:00
24,IDBRBO_20200130_1340,IDBRBO,Boise River Basin,Banner Open,640704,4907219,11,44.30461,-115.23598,1/30,13:40:00
25,IDBRBO_20200206_1300,IDBRBO,Boise River Basin,Banner Open,640707,4907216,11,44.30458,-115.23594,2/6,13:00:00
26,IDBRBO_20200213_1230,IDBRBO,Boise River Basin,Banner Open,640698,4907204,11,44.30447,-115.23606,2/13,12:30:00
27,IDBRBO_20200219_1222,IDBRBO,Boise River Basin,Banner Open,640700,4907220,11,44.30462,-115.23603,2/19,12:22:00
28,IDBRBO_20200227_1240,IDBRBO,Boise River Basin,Banner Open,640700,4907211,11,44.30454,-115.23603,2/27,12:40:00
29,IDBRBO_20200305_1245,IDBRBO,Boise River Basin,Banner Open,640703,4907205,11,44.30448,-115.23599,3/5,12:45:00
30,IDBRBO_20200312_1215,IDBRBO,Boise River Basin,Banner Open,640697,4907199,11,44.30443,-115.23607,3/12,12:15:00
31,IDBRBS_20191218_1000,IDBRBS,Boise River Basin,Banner Snotel,640820,4907116,11,44.30366,-115.23455,12/18,10:00:00
32,IDBRBS_20200109_1030,IDBRBS,Boise River Basin,Banner Snotel,640819,4907115,11,44.30365,-115.23456,1/9,10:30:00
33,IDBRBS_20200123_1100,IDBRBS,Boise River Basin,Banner Snotel,640824,4907117,11,44.30367,-115.2345,1/23,11:00:00
34,IDBRBS_20200130_1200,IDBRBS,Boise River Basin,Banner Snotel,640815,4907108,11,44.30359,-115.23462,1/30,12:00:00
35,IDBRBS_20200206_1200,IDBRBS,Boise River Basin,Banner Snotel,640822,4907114,11,44.30364,-115.23453,2/6,12:00:00
36,IDBRBS_20200213_1130,IDBRBS,Boise River Basin,Banner Snotel,640821,4907113,11,44.30363,-115.23454,2/13,11:30:00
37,IDBRBS_20200219_1045,IDBRBS,Boise River Basin,Banner Snotel,640821,4907110,11,44.3036,-115.23454,2/19,10:45:00
38,IDBRBS_20200227_1030,IDBRBS,Boise River Basin,Banner Snotel,640813,4907107,11,44.30358,-115.23464,2/27,10:30:00
39,IDBRBS_20200305_1040,IDBRBS,Boise River Basin,Banner Snotel,640818,4907107,11,44.30358,-115.23458,3/5,10:40:00
40,IDBRBS_20200312_1000,IDBRBS,Boise River Basin,Banner Snotel,640816,4907108,11,44.30359,-115.2346,3/12,10:00:00
41,IDBRBU_20191219_1000,IDBRBU,Boise River Basin,Bogus Upper,573236,4845493,11,43.75886,-116.09022,12/19,10:00:00
42,IDBRBU_20200108_1155,IDBRBU,Boise River Basin,Bogus Upper,573237,4845492,11,43.75885,-116.0902,1/8,11:55:00
43,IDBRBU_20200116_1100,IDBRBU,Boise River Basin,Bogus Upper,573236,4845487,11,43.75881,-116.09022,1/16,11:00:00
44,IDBRBU_20200124_1315,IDBRBU,Boise River Basin,Bogus Upper,573238,4845488,11,43.75882,-116.09019,1/24,13:15:00
45,IDBRBU_20200131_1330,IDBRBU,Boise River Basin,Bogus Upper,573240,4845484,11,43.75878,-116.09017,1/31,13:30:00
46,IDBRBU_20200207_1230,IDBRBU,Boise River Basin,Bogus Upper,573239,4845487,11,43.75881,-116.09018,2/7,12:30:00
47,IDBRBU_20200214_1230,IDBRBU,Boise River Basin,Bogus Upper,573240,4845490,11,43.75884,-116.09017,2/14,12:30:00
48,IDBRBU_20200220_1100,IDBRBU,Boise River Basin,Bogus Upper,573240,4845487,11,43.75881,-116.09017,2/20,11:00:00
49,IDBRBU_20200226_1445,IDBRBU,Boise River Basin,Bogus Upper,573242,4845482,11,43.75876,-116.09014,2/26,14:45:00
50,IDBRBU_20200304_1455,IDBRBU,Boise River Basin,Bogus Upper,573238,4845485,11,43.75879,-116.09019,3/4,14:55:00
51,IDBRBU_20200311_1400,IDBRBU,Boise River Basin,Bogus Upper,573233,4845488,11,43.75882,-116.09025,3/11,14:00:00
52,IDBRMC_20200212_1100,IDBRMC,Boise River Basin,Mores Creek Summit,606192,4866876,11,43.94735,-115.67666,2/12,11:00:00
53,IDBRMC_20200311_1100,IDBRMC,Boise River Basin,Mores Creek Summit,606192,4866876,11,43.94735,-115.67666,3/11,11:00:00
54,COCPJW_20191218_1125,COCPJW,Cameron Pass,Joe Wright,424324,4486303,13,40.52401,-105.89342,12/18,11:25:00
55,COCPJW_20200124_1135,COCPJW,Cameron Pass,Joe Wright,424324,4486309,13,40.52406,-105.89342,1/24,11:35:00
56,COCPJW_20200131_1000,COCPJW,Cameron Pass,Joe Wright,424321,4486311,13,40.52408,-105.89345,1/31,10:00:00
57,COCPJW_20200212_1108,COCPJW,Cameron Pass,Joe Wright,424320,4486295,13,40.52394,-105.89346,2/12,11:08:00
58,COCPJW_20200219_1004,COCPJW,Cameron Pass,Joe Wright,424321,4486311,13,40.52408,-105.89345,2/19,10:04:00
59,COCPJW_20200226_0947,COCPJW,Cameron Pass,Joe Wright,424317,4486315,13,40.52412,-105.8935,2/26,9:47:00
60,COCPJW_20200304_0927,COCPJW,Cameron Pass,Joe Wright,424319,4486315,13,40.52412,-105.89348,3/4,9:27:00
61,COCPJW_20200311_0900,COCPJW,Cameron Pass,Joe Wright,424321,4486308,13,40.52405,-105.89345,3/11,9:00:00
62,COCPMR_20191218_1350,COCPMR,Cameron Pass,Michigan River,424444,4485710,13,40.51868,-105.89193,12/18,13:50:00
63,COCPMR_20200124_1115,COCPMR,Cameron Pass,Michigan River,424445,4485710,13,40.51868,-105.89192,1/24,11:15:00
64,COCPMR_20200131_1200,COCPMR,Cameron Pass,Michigan River,424448,4485708,13,40.51866,-105.89188,1/31,12:00:00
65,COCPMR_20200212_1348,COCPMR,Cameron Pass,Michigan River,424444,4485699,13,40.51858,-105.89193,2/12,13:48:00
66,COCPMR_20200219_1314,COCPMR,Cameron Pass,Michigan River,424439,4485712,13,40.51869,-105.89199,2/19,13:14:00
67,COCPMR_20200226_0949,COCPMR,Cameron Pass,Michigan River,424441,4485707,13,40.51865,-105.89196,2/26,9:49:00
68,COCPMR_20200304_1229,COCPMR,Cameron Pass,Michigan River,424444,4485706,13,40.51864,-105.89193,3/4,12:29:00
69,COCPMR_20200311_1200,COCPMR,Cameron Pass,Michigan River,424447,4485698,13,40.51857,-105.89189,3/11,12:00:00
70,COER12_20200201_1154,COER12,East River,Forest 12,328529,4310836,13,38.9297,-106.97818,2/1,11:54:00
71,COER12_20200201_1232,COER12,East River,Forest 12,328537,4310839,13,38.92973,-106.97809,2/1,12:32:00
72,COER12_20200201_1305,COER12,East River,Forest 12,328533,4310845,13,38.92978,-106.97814,2/1,13:05:00
73,COER12_20200226_1226,COER12,East River,Forest 12,328522,4310837,13,38.92971,-106.97826,2/26,12:26:00
74,COER12_20200226_1241,COER12,East River,Forest 12,328529,4310830,13,38.92965,-106.97818,2/26,12:41:00
75,COER12_20200226_1242,COER12,East River,Forest 12,328520,4310833,13,38.92967,-106.97829,2/26,12:42:00
76,COER12_20200428_1400,COER12,East River,Forest 12,328526,4310840,13,38.92974,-106.97822,4/28,14:00:00
77,COER12_20200428_1415,COER12,East River,Forest 12,328530,4310840,13,38.92974,-106.97817,4/28,14:15:00
78,COER12_20200428_1445,COER12,East River,Forest 12,328528,4310844,13,38.92977,-106.9782,4/28,14:45:00
79,COER12_20200512_1030,COER12,East River,Forest 12,328519,4310837,13,38.92971,-106.9783,5/12,10:30:00
80,COER12_20200512_1045,COER12,East River,Forest 12,328510,4310838,13,38.92972,-106.9784,5/12,10:45:00
81,COER12_20200512_1100,COER12,East River,Forest 12,328510,4310850,13,38.92982,-106.97841,5/12,11:00:00
82,COER13_20200226_1115,COER13,East River,Forest 13,328554,4310810,13,38.92947,-106.97789,2/26,11:15:00
83,COER13_20200226_1130,COER13,East River,Forest 13,328564,4310799,13,38.92938,-106.97777,2/26,11:30:00
84,COER13_20200226_1155,COER13,East River,Forest 13,328563,4310784,13,38.92924,-106.97778,2/26,11:55:00
85,COER13_20200428_1230,COER13,East River,Forest 13,328567,4310799,13,38.92938,-106.97774,4/28,12:30:00
86,COER13_20200428_1245,COER13,East River,Forest 13,328572,4310803,13,38.92941,-106.97768,4/28,12:45:00
87,COER13_20200428_1300,COER13,East River,Forest 13,328566,4310809,13,38.92947,-106.97775,4/28,13:00:00
88,COER13_20200512_1115,COER13,East River,Forest 13,328563,4310813,13,38.9295,-106.97779,5/12,11:15:00
89,COER13_20200512_1130,COER13,East River,Forest 13,328565,4310813,13,38.9295,-106.97776,5/12,11:30:00
90,COER13_20200512_1200,COER13,East River,Forest 13,328563,4310812,13,38.92949,-106.97779,5/12,12:00:00
91,COER14_20200201_1040,COER14,East River,Forest 14,328579,4310743,13,38.92887,-106.97758,2/1,10:40:00
92,COER14_20200201_1300,COER14,East River,Forest 14,328571,4310748,13,38.92892,-106.97768,2/1,13:00:00
93,COER14_20200201_1350,COER14,East River,Forest 14,328579,4310739,13,38.92884,-106.97758,2/1,13:50:00
94,COER14_20200226_1007,COER14,East River,Forest 14,328559,4310736,13,38.92881,-106.97781,2/26,10:07:00
95,COER14_20200226_1024,COER14,East River,Forest 14,328576,4310735,13,38.9288,-106.97762,2/26,10:24:00
96,COER14_20200226_1040,COER14,East River,Forest 14,328559,4310733,13,38.92878,-106.97781,2/26,10:40:00
97,COER14_20200428_1015,COER14,East River,Forest 14,328589,4310756,13,38.92899,-106.97747,4/28,10:15:00
98,COER14_20200428_1045,COER14,East River,Forest 14,328585,4310766,13,38.92908,-106.97752,4/28,10:45:00
99,COER14_20200428_1115,COER14,East River,Forest 14,328576,4310759,13,38.92902,-106.97762,4/28,11:15:00
100,COER14_20200512_1230,COER14,East River,Forest 14,328597,4310766,13,38.92908,-106.97738,5/12,12:30:00
101,COER14_20200512_1300,COER14,East River,Forest 14,328596,4310762,13,38.92905,-106.97739,5/12,13:00:00
102,COER14_20200512_1330,COER14,East River,Forest 14,328593,4310759,13,38.92902,-106.97743,5/12,13:30:00
103,COERO2_20200201_0950,COERO2,East River,Open 2,328495,4310497,13,38.92664,-106.97849,2/1,9:50:00
104,COERO2_20200201_1120,COERO2,East River,Open 2,328507,4310502,13,38.92669,-106.97835,2/1,11:20:00
105,COERO2_20200201_1220,COERO2,East River,Open 2,328494,4310500,13,38.92667,-106.9785,2/1,12:20:00
106,COERO2_20200226_1000,COERO2,East River,Open 2,328496,4310494,13,38.92662,-106.97848,2/26,10:00:00
107,COERO2_20200226_1018,COERO2,East River,Open 2,328484,4310498,13,38.92665,-106.97862,2/26,10:18:00
108,COERO2_20200226_1120,COERO2,East River,Open 2,328484,4310498,13,38.92665,-106.97862,2/26,11:20:00
109,COERO2_20200427_1145,COERO2,East River,Open 2,328498,4310490,13,38.92658,-106.97845,4/27,11:45:00
110,COERO2_20200427_1215,COERO2,East River,Open 2,328507,4310484,13,38.92653,-106.97835,4/27,12:15:00
111,COERO2_20200427_1245,COERO2,East River,Open 2,328501,4310480,13,38.92649,-106.97842,4/27,12:45:00
112,COERO4_20200201_1000,COERO4,East River,Open 4,328432,4310463,13,38.92632,-106.97921,2/1,10:00:00
113,COERO4_20200201_1115,COERO4,East River,Open 4,328437,4310466,13,38.92635,-106.97915,2/1,11:15:00
114,COERO4_20200201_1215,COERO4,East River,Open 4,328422,4310469,13,38.92638,-106.97933,2/1,12:15:00
115,COERO4_20200226_1230,COERO4,East River,Open 4,328426,4310481,13,38.92648,-106.97928,2/26,12:30:00
116,COERO4_20200226_1330,COERO4,East River,Open 4,328427,4310480,13,38.92648,-106.97927,2/26,13:30:00
117,COERO4_20200226_1425,COERO4,East River,Open 4,328429,4310464,13,38.92633,-106.97924,2/26,14:25:00
118,COERO4_20200428_0830,COERO4,East River,Open 4,328460,4310445,13,38.92617,-106.97888,4/28,8:30:00
119,COERO4_20200428_0900,COERO4,East River,Open 4,328450,4310448,13,38.92619,-106.979,4/28,9:00:00
120,COERO4_20200428_0915,COERO4,East River,Open 4,328453,4310439,13,38.92611,-106.97896,4/28,9:15:00
121,COERO4_20200513_0845,COERO4,East River,Open 4,328462,4310440,13,38.92612,-106.97886,5/13,8:45:00
122,COERO4_20200513_0900,COERO4,East River,Open 4,328465,4310444,13,38.92616,-106.97882,5/13,9:00:00
123,COERO4_20200513_0915,COERO4,East River,Open 4,328465,4310444,13,38.92616,-106.97882,5/13,9:15:00
124,COERO6_20200201_1400,COERO6,East River,Open 6,328385,4310503,13,38.92667,-106.97976,2/1,14:00:00
125,COERO6_20200201_1430,COERO6,East River,Open 6,328376,4310492,13,38.92657,-106.97986,2/1,14:30:00
126,COERO6_20200201_1500,COERO6,East River,Open 6,328364,4310498,13,38.92663,-106.98,2/1,15:00:00
127,COERO6_20200226_1428,COERO6,East River,Open 6,328382,4310493,13,38.92658,-106.97979,2/26,14:28:00
128,COERO6_20200226_1458,COERO6,East River,Open 6,328380,4310499,13,38.92664,-106.97982,2/26,14:58:00
129,COERO6_20200226_1459,COERO6,East River,Open 6,328389,4310504,13,38.92668,-106.97971,2/26,14:59:00
130,COERO6_20200427_1345,COERO6,East River,Open 6,328369,4310519,13,38.92682,-106.97995,4/27,13:45:00
131,COERO6_20200427_1430,COERO6,East River,Open 6,328364,4310519,13,38.92681,-106.98001,4/27,14:30:00
132,COERO6_20200427_1445,COERO6,East River,Open 6,328364,4310516,13,38.92679,-106.98001,4/27,14:45:00
133,COERAP_20200201_1524,COERAP,East River,Aspen,329134,4310333,13,38.92529,-106.97108,2/1,15:24:00
134,COERAP_20200201_1550,COERAP,East River,Aspen,329146,4310338,13,38.92534,-106.97095,2/1,15:50:00
135,COERAP_20200201_1610,COERAP,East River,Aspen,329146,4310332,13,38.92528,-106.97094,2/1,16:10:00
136,COERAP_20200226_1550,COERAP,East River,Aspen,329128,4310336,13,38.92532,-106.97115,2/26,15:50:00
137,COERAP_20200226_1600,COERAP,East River,Aspen,329127,4310338,13,38.92533,-106.97116,2/26,16:00:00
138,COERAP_20200427_0845,COERAP,East River,Aspen,329131,4310327,13,38.92524,-106.97112,4/27,8:45:00
139,COERAP_20200427_0930,COERAP,East River,Aspen,329135,4310333,13,38.92529,-106.97107,4/27,9:30:00
140,COERAP_20200427_1015,COERAP,East River,Aspen,329129,4310333,13,38.92529,-106.97114,4/27,10:15:00
141,COERAP_20200512_1430,COERAP,East River,Aspen,329127,4310324,13,38.92521,-106.97116,5/12,14:30:00
142,COERGT_20191218_1316,COERGT,East River,Gothic,327538,4314145,13,38.95931,-106.99044,12/18,13:16:00
143,COERGT_20200117_1015,COERGT,East River,Gothic,327534,4314145,13,38.95931,-106.99049,1/17,10:15:00
144,COERGT_20200124_1205,COERGT,East River,Gothic,327546,4314138,13,38.95925,-106.99035,1/24,12:05:00
145,COERGT_20200129_0940,COERGT,East River,Gothic,327532,4314143,13,38.95929,-106.99051,1/29,9:40:00
146,COERGT_20200205_0945,COERGT,East River,Gothic,327527,4314130,13,38.95917,-106.99057,2/5,9:45:00
147,COERGT_20200212_1400,COERGT,East River,Gothic,327522,4314138,13,38.95924,-106.99063,2/12,14:00:00
148,COERGT_20200219_1500,COERGT,East River,Gothic,327522,4314138,13,38.95924,-106.99063,2/19,15:00:00
149,COERGT_20200226_1020,COERGT,East River,Gothic,327522,4314138,13,38.95924,-106.99063,2/26,10:20:00
150,COERGT_20200311_1025,COERGT,East River,Gothic,327534,4314138,13,38.95924,-106.99049,3/11,10:25:00
151,COERIB_20191219_1110,COERIB,East River,Irwin Barn,317172,4306473,13,38.88812,-107.10796,12/19,11:10:00
152,COERIB_20200117_1030,COERIB,East River,Irwin Barn,317172,4306473,13,38.88812,-107.10796,1/17,10:30:00
153,COERIB_20200122_1200,COERIB,East River,Irwin Barn,317172,4306473,13,38.88812,-107.10796,1/22,12:00:00
154,COERIB_20200129_1145,COERIB,East River,Irwin Barn,317172,4306473,13,38.88812,-107.10796,1/29,11:45:00
155,COERIB_20200205_1140,COERIB,East River,Irwin Barn,317172,4306473,13,38.88812,-107.10796,2/5,11:40:00
156,COERIB_20200212_1145,COERIB,East River,Irwin Barn,317172,4306473,13,38.88812,-107.10796,2/12,11:45:00
157,COERIB_20200219_1130,COERIB,East River,Irwin Barn,317172,4306473,13,38.88812,-107.10796,2/19,11:30:00
158,COERIB_20200226_1145,COERIB,East River,Irwin Barn,317172,4306473,13,38.88812,-107.10796,2/26,11:45:00
159,COERIB_20200312_0938,COERIB,East River,Irwin Barn,317172,4306473,13,38.88812,-107.10796,3/12,9:38:00
160,COERIB_20200408_1042,COERIB,East River,Irwin Barn,317172,4306473,13,38.88812,-107.10796,4/8,10:42:00
161,COERIB_20200422_1130,COERIB,East River,Irwin Barn,317172,4306473,13,38.88812,-107.10796,4/22,11:30:00
162,COERIB_20200506_1132,COERIB,East River,Irwin Barn,317172,4306473,13,38.88812,-107.10796,5/6,11:32:00
163,COERIB_20200520_0930,COERIB,East River,Irwin Barn,317172,4306473,13,38.88812,-107.10796,5/20,9:30:00
164,COERTR_20200202_1030,COERTR,East River,Trench 13,328570,4310775,13,38.92916,-106.9777,2/2,10:30:00
165,COERTR_20200202_1031,COERTR,East River,Trench 13,328570,4310777,13,38.92918,-106.9777,2/2,10:31:00
166,COERTR_20200202_1032,COERTR,East River,Trench 13,328570,4310779,13,38.9292,-106.9777,2/2,10:32:00
167,COERTR_20200202_1033,COERTR,East River,Trench 13,328570,4310781,13,38.92921,-106.9777,2/2,10:33:00
168,COERTR_20200202_1034,COERTR,East River,Trench 13,328570,4310783,13,38.92923,-106.9777,2/2,10:34:00
169,COERUP_20200202_1030,COERUP,East River,Upper,327522,4311264,13,38.93336,-106.9899,2/2,10:30:00
170,COERUP_20200202_1120,COERUP,East River,Upper,327520,4311258,13,38.9333,-106.98992,2/2,11:20:00
171,COERUP_20200202_1215,COERUP,East River,Upper,327535,4311240,13,38.93315,-106.98975,2/2,12:15:00
172,COERUP_20200226_1310,COERUP,East River,Upper,327519,4311257,13,38.9333,-106.98993,2/26,13:10:00
173,COERUP_20200226_1330,COERUP,East River,Upper,327525,4311259,13,38.93331,-106.98987,2/26,13:30:00
174,COERUP_20200226_1400,COERUP,East River,Upper,327528,4311272,13,38.93343,-106.98983,2/26,14:00:00
175,COERUP_20200429_1030,COERUP,East River,Upper,327510,4311262,13,38.93334,-106.99004,4/29,10:30:00
176,COERUP_20200429_1115,COERUP,East River,Upper,327507,4311265,13,38.93337,-106.99008,4/29,11:15:00
177,COERUP_20200429_1130,COERUP,East River,Upper,327509,4311262,13,38.93334,-106.99005,4/29,11:30:00
178,COERUP_20200512_0900,COERUP,East River,Upper,327514,4311256,13,38.93329,-106.98999,5/12,9:00:00
179,COERUP_20200512_0930,COERUP,East River,Upper,327513,4311257,13,38.93329,-106.99,5/12,9:30:00
180,COERUP_20200512_0945,COERUP,East River,Upper,327517,4311257,13,38.93329,-106.98996,5/12,9:45:00
181,COFEJ1_20191024_1243,COFEJ1,Fraser Experimental Forest,JPL 1,424541,4417657,13,39.90564,-105.88279,10/24,12:43:00
182,COFEJ1_20191029_1210,COFEJ1,Fraser Experimental Forest,JPL 1,424543,4417652,13,39.90559,-105.88277,10/29,12:10:00
183,COFEJ1_20191124_1112,COFEJ1,Fraser Experimental Forest,JPL 1,424540,4417648,13,39.90556,-105.8828,11/24,11:12:00
184,COFEJ1_20191203_1208,COFEJ1,Fraser Experimental Forest,JPL 1,424541,4417652,13,39.90559,-105.88279,12/3,12:08:00
185,COFEJ1_20191210_1158,COFEJ1,Fraser Experimental Forest,JPL 1,424539,4417650,13,39.90557,-105.88281,12/10,11:58:00
186,COFEJ1_20191216_1130,COFEJ1,Fraser Experimental Forest,JPL 1,424540,4417652,13,39.90559,-105.8828,12/16,11:30:00
187,COFEJ1_20191219_1100,COFEJ1,Fraser Experimental Forest,JPL 1,424539,4417647,13,39.90555,-105.88281,12/19,11:00:00
188,COFEJ1_20191223_1120,COFEJ1,Fraser Experimental Forest,JPL 1,424536,4417648,13,39.90556,-105.88285,12/23,11:20:00
189,COFEJ1_20191230_1115,COFEJ1,Fraser Experimental Forest,JPL 1,424539,4417648,13,39.90556,-105.88281,12/30,11:15:00
190,COFEJ1_20200104_1110,COFEJ1,Fraser Experimental Forest,JPL 1,424535,4417657,13,39.90564,-105.88286,1/4,11:10:00
191,COFEJ1_20200119_1040,COFEJ1,Fraser Experimental Forest,JPL 1,424537,4417650,13,39.90557,-105.88284,1/19,10:40:00
192,COFEJ1_20200124_1200,COFEJ1,Fraser Experimental Forest,JPL 1,424537,4417648,13,39.90556,-105.88284,1/24,12:00:00
193,COFEJ1_20200131_1030,COFEJ1,Fraser Experimental Forest,JPL 1,424537,4417652,13,39.90559,-105.88284,1/31,10:30:00
194,COFEJ1_20200205_1044,COFEJ1,Fraser Experimental Forest,JPL 1,424538,4417647,13,39.90555,-105.88283,2/5,10:44:00
195,COFEJ1_20200210_1300,COFEJ1,Fraser Experimental Forest,JPL 1,424538,4417646,13,39.90554,-105.88283,2/10,13:00:00
196,COFEJ1_20200212_1342,COFEJ1,Fraser Experimental Forest,JPL 1,424538,4417645,13,39.90553,-105.88283,2/12,13:42:00
197,COFEJ1_20200221_1105,COFEJ1,Fraser Experimental Forest,JPL 1,424539,4417645,13,39.90553,-105.88281,2/21,11:05:00
198,COFEJ1_20200226_1208,COFEJ1,Fraser Experimental Forest,JPL 1,424539,4417647,13,39.90555,-105.88281,2/26,12:08:00
199,COFEJ1_20200304_1220,COFEJ1,Fraser Experimental Forest,JPL 1,424539,4417644,13,39.90552,-105.88281,3/4,12:20:00
200,COFEJ1_20200311_0915,COFEJ1,Fraser Experimental Forest,JPL 1,424539,4417643,13,39.90551,-105.88281,3/11,9:15:00
201,COFEJ1_20200318_1440,COFEJ1,Fraser Experimental Forest,JPL 1,424539,4417642,13,39.9055,-105.88281,3/18,14:40:00
202,COFEJ2_20191024_1322,COFEJ2,Fraser Experimental Forest,JPL 2,424563,4417715,13,39.90616,-105.88254,10/24,13:22:00
203,COFEJ2_20191029_1254,COFEJ2,Fraser Experimental Forest,JPL 2,424562,4417711,13,39.90613,-105.88255,10/29,12:54:00
204,COFEJ2_20191124_1155,COFEJ2,Fraser Experimental Forest,JPL 2,424562,4417710,13,39.90612,-105.88255,11/24,11:55:00
205,COFEJ2_20191203_1310,COFEJ2,Fraser Experimental Forest,JPL 2,424562,4417712,13,39.90614,-105.88255,12/3,13:10:00
206,COFEJ2_20191210_1245,COFEJ2,Fraser Experimental Forest,JPL 2,424562,4417710,13,39.90612,-105.88255,12/10,12:45:00
207,COFEJ2_20191216_1232,COFEJ2,Fraser Experimental Forest,JPL 2,424557,4417713,13,39.90614,-105.88261,12/16,12:32:00
208,COFEJ2_20191230_1227,COFEJ2,Fraser Experimental Forest,JPL 2,424562,4417713,13,39.90614,-105.88255,12/30,12:27:00
209,COFEJ2_20200104_1200,COFEJ2,Fraser Experimental Forest,JPL 2,424562,4417716,13,39.90617,-105.88255,1/4,12:00:00
210,COFEJ2_20200108_1208,COFEJ2,Fraser Experimental Forest,JPL 2,424563,4417713,13,39.90614,-105.88254,1/8,12:08:00
211,COFEJ2_20200119_1140,COFEJ2,Fraser Experimental Forest,JPL 2,424563,4417711,13,39.90613,-105.88254,1/19,11:40:00
212,COFEJ2_20200205_1200,COFEJ2,Fraser Experimental Forest,JPL 2,424565,4417710,13,39.90612,-105.88252,2/5,12:00:00
213,COFEJ2_20200210_1345,COFEJ2,Fraser Experimental Forest,JPL 2,424563,4417709,13,39.90611,-105.88254,2/10,13:45:00
214,COFEJ2_20200221_1145,COFEJ2,Fraser Experimental Forest,JPL 2,424563,4417708,13,39.9061,-105.88254,2/21,11:45:00
215,COFEJ2_20200304_1320,COFEJ2,Fraser Experimental Forest,JPL 2,424564,4417707,13,39.90609,-105.88253,3/4,13:20:00
216,COFEJ2_20200311_1030,COFEJ2,Fraser Experimental Forest,JPL 2,424564,4417706,13,39.90608,-105.88253,3/11,10:30:00
217,COFEJ2_20200318_1400,COFEJ2,Fraser Experimental Forest,JPL 2,424564,4417705,13,39.90607,-105.88253,3/18,14:00:00
218,COFEB1_20191219_1404,COFEB1,Fraser Experimental Forest,SNB 1,424961,4417795,13,39.90692,-105.87789,12/19,14:04:00
219,COFEB1_20200131_1230,COFEB1,Fraser Experimental Forest,SNB 1,424967,4417805,13,39.90701,-105.87783,1/31,12:30:00
220,COFEB1_20200205_1300,COFEB1,Fraser Experimental Forest,SNB 1,424960,4417803,13,39.90699,-105.87791,2/5,13:00:00
221,COFEB1_20200212_1030,COFEB1,Fraser Experimental Forest,SNB 1,424961,4417808,13,39.90704,-105.8779,2/12,10:30:00
222,COFEB1_20200221_1350,COFEB1,Fraser Experimental Forest,SNB 1,424967,4417800,13,39.90696,-105.87783,2/21,13:50:00
223,COFEB1_20200226_1350,COFEB1,Fraser Experimental Forest,SNB 1,424965,4417803,13,39.90699,-105.87785,2/26,13:50:00
224,COFEB1_20200304_1530,COFEB1,Fraser Experimental Forest,SNB 1,424965,4417803,13,39.90699,-105.87785,3/4,15:30:00
225,COFEB1_20200311_1200,COFEB1,Fraser Experimental Forest,SNB 1,424966,4417803,13,39.90699,-105.87784,3/11,12:00:00
226,COFEB2_20191219_1510,COFEB2,Fraser Experimental Forest,SNB 2,424863,4417806,13,39.90701,-105.87904,12/19,15:10:00
227,COFEB2_20200131_1304,COFEB2,Fraser Experimental Forest,SNB 2,424861,4417811,13,39.90705,-105.87907,1/31,13:04:00
228,COFEB2_20200205_1419,COFEB2,Fraser Experimental Forest,SNB 2,424863,4417808,13,39.90703,-105.87904,2/5,14:19:00
229,COFEB2_20200212_1120,COFEB2,Fraser Experimental Forest,SNB 2,424864,4417809,13,39.90704,-105.87903,2/12,11:20:00
230,COFEB2_20200221_1450,COFEB2,Fraser Experimental Forest,SNB 2,424866,4417810,13,39.90705,-105.87901,2/21,14:50:00
231,COFEB2_20200226_1440,COFEB2,Fraser Experimental Forest,SNB 2,424861,4417805,13,39.907,-105.87907,2/26,14:40:00
232,COGMCO_20191219_1220,COGMCO,Grand Mesa,County Line Open,756848,4324359,12,39.03057,-108.03281,12/19,12:20:00
233,COGMCO_20191220_1030,COGMCO,Grand Mesa,County Line Open,756902,4324360,12,39.03056,-108.03218,12/20,10:30:00
234,COGMCO_20200122_1015,COGMCO,Grand Mesa,County Line Open,756902,4324356,12,39.03052,-108.03218,1/22,10:15:00
235,COGMCO_20200131_0830,COGMCO,Grand Mesa,County Line Open,756906,4324360,12,39.03056,-108.03214,1/31,8:30:00
236,COGMCO_20200212_0852,COGMCO,Grand Mesa,County Line Open,756901,4324357,12,39.03053,-108.03219,2/12,8:52:00
237,COGMCO_20200219_0930,COGMCO,Grand Mesa,County Line Open,756902,4324361,12,39.03057,-108.03218,2/19,9:30:00
238,COGMCO_20200226_0715,COGMCO,Grand Mesa,County Line Open,756902,4324359,12,39.03055,-108.03218,2/26,7:15:00
239,COGMCO_20200304_0921,COGMCO,Grand Mesa,County Line Open,756902,4324356,12,39.03052,-108.03218,3/4,9:21:00
240,COGMCO_20200312_0850,COGMCO,Grand Mesa,County Line Open,756905,4324353,12,39.0305,-108.03215,3/12,8:50:00
241,COGMCO_20200318_0825,COGMCO,Grand Mesa,County Line Open,756929,4324348,12,39.03044,-108.03187,3/18,8:25:00
242,COGMCO_20200325_1015,COGMCO,Grand Mesa,County Line Open,756903,4324352,12,39.03049,-108.03217,3/25,10:15:00
243,COGMCO_20200417_1509,COGMCO,Grand Mesa,County Line Open,756900,4324356,12,39.03053,-108.03221,4/17,15:09:00
244,COGMCT_20191219_1420,COGMCT,Grand Mesa,County Line Tree,756697,4324532,12,39.03217,-108.03448,12/19,14:20:00
245,COGMCT_20200122_1225,COGMCT,Grand Mesa,County Line Tree,756710,4324540,12,39.03224,-108.03433,1/22,12:25:00
246,COGMCT_20200131_1016,COGMCT,Grand Mesa,County Line Tree,756714,4324540,12,39.03224,-108.03428,1/31,10:16:00
247,COGMCT_20200212_1030,COGMCT,Grand Mesa,County Line Tree,756713,4324539,12,39.03223,-108.0343,2/12,10:30:00
248,COGMCT_20200219_1115,COGMCT,Grand Mesa,County Line Tree,756716,4324538,12,39.03222,-108.03426,2/19,11:15:00
249,COGMCT_20200226_0855,COGMCT,Grand Mesa,County Line Tree,756715,4324539,12,39.03223,-108.03427,2/26,8:55:00
250,COGMCT_20200304_1252,COGMCT,Grand Mesa,County Line Tree,756710,4324540,12,39.03224,-108.03433,3/4,12:52:00
251,COGMCT_20200312_1030,COGMCT,Grand Mesa,County Line Tree,756704,4324542,12,39.03226,-108.0344,3/12,10:30:00
252,COGMCT_20200318_1005,COGMCT,Grand Mesa,County Line Tree,756687,4324541,12,39.03225,-108.03459,3/18,10:05:00
253,COGMCT_20200325_1230,COGMCT,Grand Mesa,County Line Tree,756687,4324536,12,39.03221,-108.0346,3/25,12:30:00
254,COGMWO_20200305_0809,COGMWO,Grand Mesa,Mesa West Open,741079,4324261,12,39.03418,-108.2148,3/5,8:09:00
255,COGMWO_20200316_0841,COGMWO,Grand Mesa,Mesa West Open,741195,4324281,12,39.03432,-108.21346,3/16,8:41:00
256,COGMWO_20200316_1358,COGMWO,Grand Mesa,Mesa West Open,741305,4324264,12,39.03414,-108.21219,3/16,13:58:00
257,COGMWO_20200316_1519,COGMWO,Grand Mesa,Mesa West Open,741085,4324297,12,39.0345,-108.21472,3/16,15:19:00
258,COGMWO_20200331_0934,COGMWO,Grand Mesa,Mesa West Open,741146,4324202,12,39.03363,-108.21405,3/31,9:34:00
259,COGMWO_20200331_1530,COGMWO,Grand Mesa,Mesa West Open,741147,4324210,12,39.0337,-108.21403,3/31,15:30:00
260,COGMWO_20200408_1551,COGMWO,Grand Mesa,Mesa West Open,741161,4324240,12,39.03396,-108.21386,4/8,15:51:00
261,COGMWO_20200409_0550,COGMWO,Grand Mesa,Mesa West Open,741161,4324223,12,39.03381,-108.21387,4/9,5:50:00
262,COGMWO_20200409_1218,COGMWO,Grand Mesa,Mesa West Open,741144,4324213,12,39.03373,-108.21407,4/9,12:18:00
263,COGMWO_20200409_1615,COGMWO,Grand Mesa,Mesa West Open,741158,4324242,12,39.03398,-108.2139,4/9,16:15:00
264,COGMWT_20200305_0935,COGMWT,Grand Mesa,Mesa West Trees,741298,4324153,12,39.03314,-108.21231,3/5,9:35:00
265,COGMWT_20200316_1050,COGMWT,Grand Mesa,Mesa West Trees,741410,4324202,12,39.03355,-108.211,3/16,10:50:00
266,COGMWT_20200316_1228,COGMWT,Grand Mesa,Mesa West Trees,741361,4324175,12,39.03332,-108.21158,3/16,12:28:00
267,COGMWT_20200331_1145,COGMWT,Grand Mesa,Mesa West Trees,741123,4324082,12,39.03255,-108.21436,3/31,11:45:00
268,COGMWT_20200331_1310,COGMWT,Grand Mesa,Mesa West Trees,741183,4324073,12,39.03246,-108.21367,3/31,13:10:00
269,COGMWT_20200409_0725,COGMWT,Grand Mesa,Mesa West Trees,741176,4324064,12,39.03238,-108.21375,4/9,7:25:00
270,COGMWT_20200409_1440,COGMWT,Grand Mesa,Mesa West Trees,741178,4324063,12,39.03237,-108.21373,4/9,14:40:00
271,COGMSO_20191219_1600,COGMSO,Grand Mesa,Skyway Open,754271,4325788,12,39.04418,-108.06201,12/19,16:00:00
272,COGMSO_20200122_1455,COGMSO,Grand Mesa,Skyway Open,754270,4325787,12,39.04417,-108.06202,1/22,14:55:00
273,COGMSO_20200131_1225,COGMSO,Grand Mesa,Skyway Open,754268,4325777,12,39.04408,-108.06204,1/31,12:25:00
274,COGMSO_20200212_1252,COGMSO,Grand Mesa,Skyway Open,754270,4325785,12,39.04415,-108.06202,2/12,12:52:00
275,COGMSO_20200219_1340,COGMSO,Grand Mesa,Skyway Open,754267,4325787,12,39.04417,-108.06205,2/19,13:40:00
276,COGMSO_20200225_1500,COGMSO,Grand Mesa,Skyway Open,754276,4325787,12,39.04417,-108.06195,2/25,15:00:00
277,COGMSO_20200304_1550,COGMSO,Grand Mesa,Skyway Open,754267,4325787,12,39.04417,-108.06205,3/4,15:50:00
278,COGMSO_20200306_1705,COGMSO,Grand Mesa,Skyway Open,754044,4325657,12,39.04307,-108.06467,3/6,17:05:00
279,COGMSO_20200312_1520,COGMSO,Grand Mesa,Skyway Open,754269,4325786,12,39.04416,-108.06203,3/12,15:20:00
280,COGMSO_20200321_1006,COGMSO,Grand Mesa,Skyway Open,754267,4325870,12,39.04492,-108.06202,3/21,10:06:00
281,COGMSO_20200328_0900,COGMSO,Grand Mesa,Skyway Open,754310,4326542,12,39.05096,-108.06127,3/28,9:00:00
282,COGMSO_20200328_1630,COGMSO,Grand Mesa,Skyway Open,754272,4325781,12,39.04412,-108.062,3/28,16:30:00
283,COGMSO_20200406_0650,COGMSO,Grand Mesa,Skyway Open,754306,4326535,12,39.05089,-108.06132,4/6,6:50:00
284,COGMSO_20200406_1600,COGMSO,Grand Mesa,Skyway Open,754308,4326539,12,39.05093,-108.0613,4/6,16:00:00
285,COGMSO_20200419_1600,COGMSO,Grand Mesa,Skyway Open,754287,4325780,12,39.0441,-108.06182,4/19,16:00:00
286,COGMSO_20200421_0553,COGMSO,Grand Mesa,Skyway Open,754258,4325768,12,39.044,-108.06216,4/21,5:53:00
287,COGMSO_20200421_1626,COGMSO,Grand Mesa,Skyway Open,754258,4325772,12,39.04404,-108.06216,4/21,16:26:00
288,COGMSO_20200422_1512,COGMSO,Grand Mesa,Skyway Open,754251,4325772,12,39.04404,-108.06224,4/22,15:12:00
289,COGMSO_20200503_0602,COGMSO,Grand Mesa,Skyway Open,754242,4325757,12,39.04391,-108.06235,5/3,6:02:00
290,COGMSO_20200503_1610,COGMSO,Grand Mesa,Skyway Open,754242,4325761,12,39.04395,-108.06235,5/3,16:10:00
291,COGMST_20200122_1655,COGMST,Grand Mesa,Skyway Tree,754168,4325871,12,39.04496,-108.06316,1/22,16:55:00
292,COGMST_20200131_1423,COGMST,Grand Mesa,Skyway Tree,754172,4325867,12,39.04492,-108.06312,1/31,14:23:00
293,COGMST_20200212_1430,COGMST,Grand Mesa,Skyway Tree,754175,4325867,12,39.04492,-108.06308,2/12,14:30:00
294,COGMST_20200219_1500,COGMST,Grand Mesa,Skyway Tree,754170,4325869,12,39.04494,-108.06314,2/19,15:00:00
295,COGMST_20200225_1640,COGMST,Grand Mesa,Skyway Tree,754170,4325869,12,39.04494,-108.06314,2/25,16:40:00
296,COGMST_20200306_1815,COGMST,Grand Mesa,Skyway Tree,754015,4325637,12,39.0429,-108.06502,3/6,18:15:00
297,COGMST_20200312_1345,COGMST,Grand Mesa,Skyway Tree,754173,4325871,12,39.04496,-108.06311,3/12,13:45:00
298,COGMST_20200321_1155,COGMST,Grand Mesa,Skyway Tree,754143,4325868,12,39.04494,-108.06345,3/21,11:55:00
299,COGMST_20200328_0715,COGMST,Grand Mesa,Skyway Tree,754199,4326551,12,39.05107,-108.06255,3/28,7:15:00
300,COGMST_20200328_1430,COGMST,Grand Mesa,Skyway Tree,754146,4325861,12,39.04487,-108.06342,3/28,14:30:00
301,COGMST_20200401_0900,COGMST,Grand Mesa,Skyway Tree,754184,4326540,12,39.05097,-108.06273,4/1,9:00:00
302,COGMST_20200401_1535,COGMST,Grand Mesa,Skyway Tree,754180,4326531,12,39.05089,-108.06278,4/1,15:35:00
303,COGMST_20200418_1217,COGMST,Grand Mesa,Skyway Tree,754142,4325831,12,39.04461,-108.06348,4/18,12:17:00
304,COGMST_20200421_0726,COGMST,Grand Mesa,Skyway Tree,754212,4325899,12,39.0452,-108.06265,4/21,7:26:00
305,COGMST_20200421_1507,COGMST,Grand Mesa,Skyway Tree,754048,4325618,12,39.04272,-108.06464,4/21,15:07:00
306,COGMST_20200422_1618,COGMST,Grand Mesa,Skyway Tree,754134,4325810,12,39.04442,-108.06358,4/22,16:18:00
307,COGMST_20200503_0653,COGMST,Grand Mesa,Skyway Tree,754143,4325838,12,39.04467,-108.06346,5/3,6:53:00
308,COGMST_20200503_1732,COGMST,Grand Mesa,Skyway Tree,754148,4325844,12,39.04472,-108.0634,5/3,17:32:00
309,NMJRBA_20191220_1450,NMJRBA,Jemez River,BA Flux Tower,361743,3972674,13,35.88858,-106.5318,12/20,14:50:00
310,NMJRBA_20200122_1420,NMJRBA,Jemez River,BA Flux Tower,361743,3972675,13,35.88859,-106.5318,1/22,14:20:00
311,NMJRBA_20200129_1119,NMJRBA,Jemez River,BA Flux Tower,361743,3972676,13,35.8886,-106.5318,1/29,11:19:00
312,NMJRBA_20200205_1114,NMJRBA,Jemez River,BA Flux Tower,361739,3972679,13,35.88862,-106.53185,2/5,11:14:00
313,NMJRBA_20200212_1337,NMJRBA,Jemez River,BA Flux Tower,361744,3972675,13,35.88859,-106.53179,2/12,13:37:00
314,NMJRBA_20200220_1234,NMJRBA,Jemez River,BA Flux Tower,361736,3972673,13,35.88857,-106.53188,2/20,12:34:00
315,NMJRBA_20200226_1139,NMJRBA,Jemez River,BA Flux Tower,361736,3972673,13,35.88857,-106.53188,2/26,11:39:00
316,NMJRBA_20200304_1116,NMJRBA,Jemez River,BA Flux Tower,361734,3972677,13,35.88861,-106.5319,3/4,11:16:00
317,NMJRHQ_20191220_1100,NMJRHQ,Jemez River,HQ Met Station,362630,3969259,13,35.85793,-106.52139,12/20,11:00:00
318,NMJRHQ_20200122_1115,NMJRHQ,Jemez River,HQ Met Station,362630,3969259,13,35.85793,-106.52139,1/22,11:15:00
319,NMJRHQ_20200129_1026,NMJRHQ,Jemez River,HQ Met Station,362631,3969256,13,35.8579,-106.52138,1/29,10:26:00
320,NMJRHQ_20200205_1100,NMJRHQ,Jemez River,HQ Met Station,362631,3969255,13,35.85789,-106.52138,2/5,11:00:00
321,NMJRHQ_20200212_1305,NMJRHQ,Jemez River,HQ Met Station,362633,3969255,13,35.85789,-106.52136,2/12,13:05:00
322,NMJRHQ_20200220_1156,NMJRHQ,Jemez River,HQ Met Station,362633,3969258,13,35.85792,-106.52136,2/20,11:56:00
323,NMJRHQ_20200226_1157,NMJRHQ,Jemez River,HQ Met Station,362633,3969258,13,35.85792,-106.52136,2/26,11:57:00
324,NMJRHQ_20200304_1105,NMJRHQ,Jemez River,HQ Met Station,362632,3969257,13,35.85791,-106.52137,3/4,11:05:00
325,UTLCAC_20200124_1222,UTLCAC,Little Cottonwood Canyon,Alta Collins,446677,4491448,12,40.5721,-111.62997,1/24,12:22:00
326,UTLCAC_20200131_1130,UTLCAC,Little Cottonwood Canyon,Alta Collins,446677,4491448,12,40.5721,-111.62997,1/31,11:30:00
327,UTLCAC_20200213_1345,UTLCAC,Little Cottonwood Canyon,Alta Collins,446677,4491448,12,40.5721,-111.62997,2/13,13:45:00
328,UTLCAC_20200220_1400,UTLCAC,Little Cottonwood Canyon,Alta Collins,446677,4491448,12,40.5721,-111.62997,2/20,14:00:00
329,UTLCAC_20200227_1000,UTLCAC,Little Cottonwood Canyon,Alta Collins,446677,4491448,12,40.5721,-111.62997,2/27,10:00:00
330,UTLCAC_20200305_1100,UTLCAC,Little Cottonwood Canyon,Alta Collins,446677,4491448,12,40.5721,-111.62997,3/5,11:00:00
331,UTLCAC_20200312_0930,UTLCAC,Little Cottonwood Canyon,Alta Collins,446677,4491448,12,40.5721,-111.62997,3/12,9:30:00
332,UTLCAW_20200124_1100,UTLCAW,Little Cottonwood Canyon,Atwater,446048,4493579,12,40.59125,-111.63759,1/24,11:00:00
333,UTLCAW_20200131_1200,UTLCAW,Little Cottonwood Canyon,Atwater,446048,4493579,12,40.59125,-111.63759,1/31,12:00:00
334,UTLCAW_20200213_1510,UTLCAW,Little Cottonwood Canyon,Atwater,446048,4493579,12,40.59125,-111.63759,2/13,15:10:00
335,UTLCAW_20200220_1350,UTLCAW,Little Cottonwood Canyon,Atwater,446048,4493579,12,40.59125,-111.63759,2/20,13:50:00
336,UTLCAW_20200227_1145,UTLCAW,Little Cottonwood Canyon,Atwater,446048,4493579,12,40.59125,-111.63759,2/27,11:45:00
337,UTLCAW_20200305_1230,UTLCAW,Little Cottonwood Canyon,Atwater,446048,4493579,12,40.59125,-111.63759,3/5,12:30:00
338,UTLCAW_20200312_1248,UTLCAW,Little Cottonwood Canyon,Atwater,446048,4493579,12,40.59125,-111.63759,3/12,12:48:00
339,CAMLCP_20191218_1108,CAMLCP,Mammoth Lakes,CUES,320984,4168173,11,37.64327,-119.02907,12/18,11:08:00
340,CAMLCP_20200122_1000,CAMLCP,Mammoth Lakes,CUES,320981,4168175,11,37.64329,-119.0291,1/22,10:00:00
341,CAMLCP_20200129_0950,CAMLCP,Mammoth Lakes,CUES,320983,4168174,11,37.64328,-119.02908,1/29,9:50:00
342,CAMLCP_20200206_1335,CAMLCP,Mammoth Lakes,CUES,320983,4168172,11,37.64326,-119.02908,2/6,13:35:00
343,CAMLCP_20200212_1015,CAMLCP,Mammoth Lakes,CUES,320984,4168170,11,37.64325,-119.02907,2/12,10:15:00
344,CAMLCP_20200219_1005,CAMLCP,Mammoth Lakes,CUES,320986,4168172,11,37.64326,-119.02905,2/19,10:05:00
345,CAMLCP_20200226_0954,CAMLCP,Mammoth Lakes,CUES,320988,4168164,11,37.64319,-119.02902,2/26,9:54:00
346,CAMLCP_20200304_1028,CAMLCP,Mammoth Lakes,CUES,320986,4168164,11,37.64319,-119.02905,3/4,10:28:00
347,CAMLCP_20200311_0908,CAMLCP,Mammoth Lakes,CUES,320986,4168164,11,37.64319,-119.02905,3/11,9:08:00
348,CAMLPD_20191218_1128,CAMLPD,Mammoth Lakes,Panorama Dome,323463,4165497,11,37.61965,-119.00034,12/18,11:28:00
349,CAMLPD_20200124_0945,CAMLPD,Mammoth Lakes,Panorama Dome,323469,4165498,11,37.61966,-119.00027,1/24,9:45:00
350,CAMLPD_20200129_1030,CAMLPD,Mammoth Lakes,Panorama Dome,323467,4165497,11,37.61965,-119.0003,1/29,10:30:00
351,CAMLPD_20200205_1000,CAMLPD,Mammoth Lakes,Panorama Dome,323469,4165496,11,37.61964,-119.00027,2/5,10:00:00
352,CAMLPD_20200212_1029,CAMLPD,Mammoth Lakes,Panorama Dome,323469,4165496,11,37.61964,-119.00027,2/12,10:29:00
353,CAMLPD_20200219_1015,CAMLPD,Mammoth Lakes,Panorama Dome,323469,4165491,11,37.61959,-119.00027,2/19,10:15:00
354,CONWC1_20191218_0915,CONWC1,Niwot Ridge,C1,453402,4431582,13,40.03317,-105.54616,12/18,9:15:00
355,CONWC1_20200122_1145,CONWC1,Niwot Ridge,C1,453402,4431582,13,40.03317,-105.54616,1/22,11:45:00
356,CONWC1_20200129_1020,CONWC1,Niwot Ridge,C1,453405,4431583,13,40.03318,-105.54613,1/29,10:20:00
357,CONWC1_20200205_1020,CONWC1,Niwot Ridge,C1,453402,4431582,13,40.03317,-105.54616,2/5,10:20:00
358,CONWC1_20200212_0910,CONWC1,Niwot Ridge,C1,453402,4431582,13,40.03317,-105.54616,2/12,9:10:00
359,CONWC1_20200219_0930,CONWC1,Niwot Ridge,C1,453402,4431582,13,40.03317,-105.54616,2/19,9:30:00
360,CONWC1_20200226_0820,CONWC1,Niwot Ridge,C1,453402,4431582,13,40.03317,-105.54616,2/26,8:20:00
361,CONWC1_20200304_0903,CONWC1,Niwot Ridge,C1,453402,4431582,13,40.03317,-105.54616,3/4,9:03:00
362,CONWC1_20200311_0716,CONWC1,Niwot Ridge,C1,453402,4431582,13,40.03317,-105.54616,3/11,7:16:00
363,CONWFF_20200122_1010,CONWFF,Niwot Ridge,Forest Flat,453399,4431466,13,40.03213,-105.54619,1/22,10:10:00
364,CONWFF_20200122_1020,CONWFF,Niwot Ridge,Forest Flat,453399,4431466,13,40.03213,-105.54619,1/22,10:20:00
365,CONWFF_20200122_1025,CONWFF,Niwot Ridge,Forest Flat,453399,4431466,13,40.03213,-105.54619,1/22,10:25:00
366,CONWFF_20200212_1110,CONWFF,Niwot Ridge,Forest Flat,453393,4431461,13,40.03208,-105.54626,2/12,11:10:00
367,CONWFF_20200212_1145,CONWFF,Niwot Ridge,Forest Flat,453358,4431450,13,40.03198,-105.54667,2/12,11:45:00
368,CONWFF_20200311_0900,CONWFF,Niwot Ridge,Forest Flat,453320,4431435,13,40.03184,-105.54712,3/11,9:00:00
369,CONWFF_20200311_0920,CONWFF,Niwot Ridge,Forest Flat,453318,4431439,13,40.03188,-105.54714,3/11,9:20:00
370,CONWFF_20200311_0945,CONWFF,Niwot Ridge,Forest Flat,453313,4431444,13,40.03193,-105.5472,3/11,9:45:00
371,CONWFF_20200422_1310,CONWFF,Niwot Ridge,Forest Flat,453335,4431420,13,40.03171,-105.54694,4/22,13:10:00
372,CONWFF_20200513_0930,CONWFF,Niwot Ridge,Forest Flat,453356,4431402,13,40.03155,-105.54669,5/13,9:30:00
373,CONWFF_20200513_0955,CONWFF,Niwot Ridge,Forest Flat,453353,4431394,13,40.03148,-105.54673,5/13,9:55:00
374,CONWFF_20200513_1030,CONWFF,Niwot Ridge,Forest Flat,453355,4431398,13,40.03151,-105.5467,5/13,10:30:00
375,CONWFN_20200122_1230,CONWFN,Niwot Ridge,Forest North,452766,4431586,13,40.03317,-105.55362,1/22,12:30:00
376,CONWFN_20200122_1231,CONWFN,Niwot Ridge,Forest North,452786,4431582,13,40.03314,-105.55338,1/22,12:31:00
377,CONWFN_20200122_1245,CONWFN,Niwot Ridge,Forest North,452757,4431595,13,40.03325,-105.55373,1/22,12:45:00
378,CONWFN_20200212_1335,CONWFN,Niwot Ridge,Forest North,452751,4431608,13,40.03337,-105.5538,2/12,13:35:00
379,CONWFN_20200311_1100,CONWFN,Niwot Ridge,Forest North,452778,4431584,13,40.03316,-105.55348,3/11,11:00:00
380,CONWFN_20200311_1101,CONWFN,Niwot Ridge,Forest North,452767,4431587,13,40.03318,-105.55361,3/11,11:01:00
381,CONWFN_20200311_1130,CONWFN,Niwot Ridge,Forest North,452773,4431592,13,40.03323,-105.55354,3/11,11:30:00
382,CONWFN_20200513_0944,CONWFN,Niwot Ridge,Forest North,452713,4431634,13,40.0336,-105.55424,5/13,9:44:00
383,CONWFN_20200513_1000,CONWFN,Niwot Ridge,Forest North,452712,4431637,13,40.03363,-105.55426,5/13,10:00:00
384,CONWFN_20200513_1024,CONWFN,Niwot Ridge,Forest North,452726,4431635,13,40.03361,-105.55409,5/13,10:24:00
385,CONWFN_20200513_1048,CONWFN,Niwot Ridge,Forest North,452731,4431645,13,40.0337,-105.55403,5/13,10:48:00
386,CONWFS_20200122_1400,CONWFS,Niwot Ridge,Forest South,452491,4432381,13,40.04032,-105.5569,1/22,14:00:00
387,CONWFS_20200122_1405,CONWFS,Niwot Ridge,Forest South,452468,4432364,13,40.04017,-105.55717,1/22,14:05:00
388,CONWFS_20200122_1406,CONWFS,Niwot Ridge,Forest South,452485,4432379,13,40.0403,-105.55697,1/22,14:06:00
389,CONWFS_20200212_1040,CONWFS,Niwot Ridge,Forest South,452480,4432355,13,40.04009,-105.55703,2/12,10:40:00
390,CONWFS_20200212_1100,CONWFS,Niwot Ridge,Forest South,452480,4432331,13,40.03987,-105.55703,2/12,11:00:00
391,CONWFS_20200212_1108,CONWFS,Niwot Ridge,Forest South,452480,4432343,13,40.03998,-105.55703,2/12,11:08:00
392,CONWFS_20200311_0930,CONWFS,Niwot Ridge,Forest South,452462,4432383,13,40.04034,-105.55724,3/11,9:30:00
393,CONWFS_20200311_0931,CONWFS,Niwot Ridge,Forest South,452481,4432369,13,40.04021,-105.55702,3/11,9:31:00
394,CONWFS_20200311_1010,CONWFS,Niwot Ridge,Forest South,452447,4432373,13,40.04025,-105.55742,3/11,10:10:00
395,CONWFS_20200513_0915,CONWFS,Niwot Ridge,Forest South,452496,4432375,13,40.04027,-105.55684,5/13,9:15:00
396,CONWFS_20200513_0930,CONWFS,Niwot Ridge,Forest South,452490,4432387,13,40.04037,-105.55691,5/13,9:30:00
397,CONWFS_20200513_0945,CONWFS,Niwot Ridge,Forest South,452506,4432385,13,40.04036,-105.55672,5/13,9:45:00
398,CONWFS_20200513_1000,CONWFS,Niwot Ridge,Forest South,452490,4432370,13,40.04022,-105.55691,5/13,10:00:00
399,CONWOF_20200122_1100,CONWOF,Niwot Ridge,Open Flat,452909,4431905,13,40.03606,-105.55197,1/22,11:00:00
400,CONWOF_20200122_1115,CONWOF,Niwot Ridge,Open Flat,452886,4431903,13,40.03604,-105.55224,1/22,11:15:00
401,CONWOF_20200122_1140,CONWOF,Niwot Ridge,Open Flat,452872,4431913,13,40.03613,-105.5524,1/22,11:40:00
402,CONWOF_20200212_1254,CONWOF,Niwot Ridge,Open Flat,452888,4431886,13,40.03588,-105.55221,2/12,12:54:00
403,CONWOF_20200212_1300,CONWOF,Niwot Ridge,Open Flat,452906,4431866,13,40.0357,-105.552,2/12,13:00:00
404,CONWOF_20200212_1310,CONWOF,Niwot Ridge,Open Flat,452901,4431878,13,40.03581,-105.55206,2/12,13:10:00
405,CONWOF_20200311_1100,CONWOF,Niwot Ridge,Open Flat,452898,4431871,13,40.03575,-105.55209,3/11,11:00:00
406,CONWOF_20200311_1118,CONWOF,Niwot Ridge,Open Flat,452907,4431864,13,40.03569,-105.55199,3/11,11:18:00
407,CONWOF_20200311_1145,CONWOF,Niwot Ridge,Open Flat,452914,4431868,13,40.03572,-105.5519,3/11,11:45:00
408,CONWOF_20200422_1054,CONWOF,Niwot Ridge,Open Flat,452917,4431863,13,40.03568,-105.55187,4/22,10:54:00
409,CONWOF_20200422_1155,CONWOF,Niwot Ridge,Open Flat,452917,4431863,13,40.03568,-105.55187,4/22,11:55:00
410,CONWOF_20200513_1050,CONWOF,Niwot Ridge,Open Flat,452892,4431872,13,40.03576,-105.55216,5/13,10:50:00
411,CONWOF_20200513_1105,CONWOF,Niwot Ridge,Open Flat,452897,4431870,13,40.03574,-105.5521,5/13,11:05:00
412,CONWOF_20200513_1115,CONWOF,Niwot Ridge,Open Flat,452914,4431858,13,40.03563,-105.5519,5/13,11:15:00
413,CONWOF_20200513_1130,CONWOF,Niwot Ridge,Open Flat,452907,4431858,13,40.03563,-105.55199,5/13,11:30:00
414,CONWSA_20191218_1300,CONWSA,Niwot Ridge,Saddle,449623,4434025,13,40.05497,-105.59065,12/18,13:00:00
415,CONWSA_20200129_1030,CONWSA,Niwot Ridge,Saddle,449623,4434025,13,40.05497,-105.59065,1/29,10:30:00
416,CONWSA_20200205_1145,CONWSA,Niwot Ridge,Saddle,449623,4434025,13,40.05497,-105.59065,2/5,11:45:00
417,CONWSA_20200212_1045,CONWSA,Niwot Ridge,Saddle,449623,4434025,13,40.05497,-105.59065,2/12,10:45:00
418,CONWSA_20200219_1032,CONWSA,Niwot Ridge,Saddle,449623,4434025,13,40.05497,-105.59065,2/19,10:32:00
419,CONWSA_20200226_1016,CONWSA,Niwot Ridge,Saddle,449623,4434025,13,40.05497,-105.59065,2/26,10:16:00
420,CONWSA_20200304_1006,CONWSA,Niwot Ridge,Saddle,449623,4434025,13,40.05497,-105.59065,3/4,10:06:00
421,CASHFO_20191220_1231,CASHFO,Sagehen Creek,Forest,737377,4368090,10,39.42968,-120.24211,12/20,12:31:00
422,CASHFO_20200129_1053,CASHFO,Sagehen Creek,Forest,737385,4368079,10,39.42957,-120.24203,1/29,10:53:00
423,CASHFO_20200212_0919,CASHFO,Sagehen Creek,Forest,737377,4368075,10,39.42954,-120.24212,2/12,9:19:00
424,CASHFO_20200219_1000,CASHFO,Sagehen Creek,Forest,737377,4368075,10,39.42954,-120.24212,2/19,10:00:00
425,CASHFO_20200226_1000,CASHFO,Sagehen Creek,Forest,737377,4368075,10,39.42954,-120.24212,2/26,10:00:00
426,CASHFO_20200304_0925,CASHFO,Sagehen Creek,Forest,737377,4368075,10,39.42954,-120.24212,3/4,9:25:00
427,CASHFO_20200311_0823,CASHFO,Sagehen Creek,Forest,737377,4368075,10,39.42954,-120.24212,3/11,8:23:00
428,CASHOP_20191220_1123,CASHOP,Sagehen Creek,Open,737573,4368177,10,39.43041,-120.23981,12/20,11:23:00
429,CASHOP_20200129_1057,CASHOP,Sagehen Creek,Open,737572,4368172,10,39.43036,-120.23982,1/29,10:57:00
430,CASHOP_20200212_0938,CASHOP,Sagehen Creek,Open,737572,4368172,10,39.43036,-120.23982,2/12,9:38:00
431,CASHOP_20200219_1021,CASHOP,Sagehen Creek,Open,737572,4368172,10,39.43036,-120.23982,2/19,10:21:00
432,CASHOP_20200226_1016,CASHOP,Sagehen Creek,Open,737572,4368172,10,39.43036,-120.23982,2/26,10:16:00
433,CASHOP_20200304_0957,CASHOP,Sagehen Creek,Open,737572,4368172,10,39.43036,-120.23982,3/4,9:57:00
434,CASHOP_20200311_0850,CASHOP,Sagehen Creek,Open,737572,4368172,10,39.43036,-120.23982,3/11,8:50:00
435,CASHT4_20200129_1415,CASHT4,Sagehen Creek,Tower 4,732507,4367108,10,39.42216,-120.29898,1/29,14:15:00
436,CASHT4_20200212_1050,CASHT4,Sagehen Creek,Tower 4,732507,4367108,10,39.42216,-120.29898,2/12,10:50:00
437,CASHT4_20200219_1230,CASHT4,Sagehen Creek,Tower 4,732507,4367108,10,39.42216,-120.29898,2/19,12:30:00
438,CASHT4_20200226_1201,CASHT4,Sagehen Creek,Tower 4,732507,4367108,10,39.42216,-120.29898,2/26,12:01:00
439,CASHT4_20200304_1058,CASHT4,Sagehen Creek,Tower 4,732507,4367108,10,39.42216,-120.29898,3/4,10:58:00
440,CASHT4_20200311_1045,CASHT4,Sagehen Creek,Tower 4,732507,4367108,10,39.42216,-120.29898,3/11,10:45:00
441,COSBSB_20191218_1415,COSBSB,Senator Beck,Senator Beck,260320,4199004,13,37.90702,-107.72623,12/18,14:15:00
442,COSBSB_20200201_0950,COSBSB,Senator Beck,Senator Beck,260320,4199007,13,37.90705,-107.72623,2/1,9:50:00
443,COSBSB_20200219_1240,COSBSB,Senator Beck,Senator Beck,260318,4199010,13,37.90708,-107.72626,2/19,12:40:00
444,COSBSB_20200226_1250,COSBSB,Senator Beck,Senator Beck,260317,4199008,13,37.90706,-107.72627,2/26,12:50:00
445,COSBSB_20200304_1215,COSBSB,Senator Beck,Senator Beck,260314,4199008,13,37.90706,-107.7263,3/4,12:15:00
446,COSBSA_20191218_0915,COSBSA,Senator Beck,Swamp Angel,261642,4198978,13,37.90714,-107.7112,12/18,9:15:00
447,COSBSA_20200122_1235,COSBSA,Senator Beck,Swamp Angel,261641,4198982,13,37.90717,-107.71121,1/22,12:35:00
448,COSBSA_20200129_1205,COSBSA,Senator Beck,Swamp Angel,261641,4198982,13,37.90717,-107.71121,1/29,12:05:00
449,COSBSA_20200212_1236,COSBSA,Senator Beck,Swamp Angel,261641,4198982,13,37.90717,-107.71121,2/12,12:36:00
450,COSBSA_20200219_1446,COSBSA,Senator Beck,Swamp Angel,261641,4198976,13,37.90712,-107.71121,2/19,14:46:00
451,COSBSA_20200226_1444,COSBSA,Senator Beck,Swamp Angel,261639,4198975,13,37.90711,-107.71123,2/26,14:44:00
452,COSBSA_20200304_1410,COSBSA,Senator Beck,Swamp Angel,261639,4198975,13,37.90711,-107.71123,3/4,14:10:00
453,COSBSA_20200311_1125,COSBSA,Senator Beck,Swamp Angel,261644,4198974,13,37.9071,-107.71118,3/11,11:25:00