# Location,Boise River Basin
# Site,Bogus Upper
# PitID,IDBRBU
# Date/Local Time,2020-02-07T12:30
# UTM Zone,11N
# Easting (m),573240
# Northing (m),4845491
# Latitude (deg),43.75884
# Longitude (deg),-116.09017
# Slope (deg),4
# Aspect (deg),NaN
# Air Temp (deg C),-1.1
# Total Depth (cm),150
# Surveyors,"A. Vincent, I. Brangers"
# WISe Serial No,WIS007A
# Weather,Signs of recent storm: pine needles/sticks on snow surface. Snow surface roughness was much higher than usual.
# Precip,None
# Sky,Overcast(complete cover)
# Wind,Light
# Ground Condition,Moist
# Ground Roughness,Smooth
# Ground Vegetation,"Grass,Shrub"
# Vegetation Depth,5-10
# Tree Canopy,Sparse (5-20%)
# Comments:,"Density cutter #15.  1st pit of new row (flatter slope) Not able to
get a clean 10cm to ground sample for density."
