# Location,Boise River Basin
# Site,Banner Open
# PitID,IDBRBO
# Date/Local Time,2020-02-19T12:22
# UTM Zone,11N
# Easting (m),640699
# Northing (m),4907213
# Latitude (deg),44.30455
# Longitude (deg),-115.23604
# Slope (deg),0
# Aspect (deg),NaN
# Air Temp (deg C),-4.7
# Total Depth (cm),132
# Surveyors,M. Mason and I. Brangers
# WISe Serial No,WIS007A
# Weather,"Sunny, clear, warmer. Hearing Quantum (LiDAR) fly above we think! "
# Precip,None
# Sky,Clear
# Wind,Calm
# Ground Condition,Moist
# Ground Roughness,Smooth
# Ground Vegetation,Grass
# Vegetation Depth,8
# Tree Canopy,No Trees
# Comments:,"Taking ASD measurements today to overlap with Quantum Lidar snow depth
flight."
