# Location,Boise River Basin
# Site,Banner Open
# PitID,IDBRBO
# Date/Local Time,2020-03-12T13:15
# UTM Zone,11N
# Easting,640699
# Northing,4907213
# Latitude,44.30455
# Longitude,-115.23604
# Top (cm),Bottom (cm),Grain Size (mm),Grain Type,Hand Hardness,Manual Wetness,Comments
118.0,115.0,2-4 mm,MFCR,P,M,NaN
115.0,108.0,< 1 mm,DF,F,M,NaN
108.0,106.0,1-2 mm,MFCR,K,D,NaN
106.0,79.0,1-2 mm,FC,4F,D,NaN
79.0,66.0,1-2 mm,FC,1F,D,some rounds
66.0,20.0,1-2 mm,FC,P,D,some rounds
20.0,0.0,1-2 mm,FC,1F,D,NaN
