# Location,Boise River Basin
# Site,Banner Open
# PitID,IDBRBO
# Date/Local Time,2020-03-12T13:15
# UTM Zone,11N
# Easting (m),640699
# Northing (m),4907213
# Latitude (deg),44.30455
# Longitude (deg),-115.23604
# Slope (deg),0
# Aspect (deg),NaN
# Air Temp (deg C),0.5
# Total Depth (cm),118
# Surveyors,"M. Mason, I. Brangers"
# WISe Serial No,WIS007A
# Weather,"sunny, clear, slightly cold air temp"
# Precip,None
# Sky,Clear
# Wind,Calm
# Ground Condition,Frozen
# Ground Roughness,Smooth
# Ground Vegetation,"Grass,Shrub"
# Vegetation Depth,"5,6"
# Tree Canopy,No Trees
# Comments:,start temp @ 13:36 / end temp @ 13:48
