# Location,Boise River Basin
# Site,Bogus Upper
# PitID,IDBRBU
# Date/Local Time,2020-01-16T11:00
# UTM Zone,11N
# Easting (m),573240
# Northing (m),4845491
# Latitude (deg),43.75884
# Longitude (deg),-116.09017
# Slope (deg),NaN
# Aspect (deg),NaN
# Air Temp (deg C),-3.5
# Total Depth (cm),100
# Surveyors,"M. Mason, I. Brangers, A. Vincent"
# WISe Serial No,nan
# Weather,"Windy, thin high cloud cover. Road to Bogus closed previous night due to high winds, road closure here is very abnormal. IB: deep snow on board; 2 tube measurments for each sample."
# Precip,None
# Sky,Broken (> 1/2 of sky)
# Wind,Strong
# Ground Condition,Frozen
# Ground Roughness,Rough
# Ground Vegetation,Grass
# Vegetation Depth,
# Tree Canopy,Sparse (5-20%)
# Comments:,"Forgot the LWC instrument, no liquid water visible. Wind slabs have
developed. SMP file: -658."
