# Location,Boise River Basin
# Site,Bogus Upper
# PitID,IDBRBU
# Date/Local Time,2020-01-16T11:00
# UTM Zone,11N
# Easting,573240
# Northing,4845491
# Latitude,43.75884
# Longitude,-116.09017
"# Top
(cm)","Bottom
(cm)",Avg Density (kg/m3),Permittivity A,Permittivity B,LWC-vol A (%),LWC-vol B (%)
100.0,90.0,172.5,NaN,NaN,NaN,NaN
90.0,80.0,188.0,NaN,NaN,NaN,NaN
80.0,70.0,165.5,NaN,NaN,NaN,NaN
70.0,60.0,191.5,NaN,NaN,NaN,NaN
60.0,50.0,230.5,NaN,NaN,NaN,NaN
50.0,40.0,246.5,NaN,NaN,NaN,NaN
40.0,30.0,267.5,NaN,NaN,NaN,NaN
30.0,20.0,264.0,NaN,NaN,NaN,NaN
20.0,10.0,318.5,NaN,NaN,NaN,NaN
10.0,0.0,338.5,NaN,NaN,NaN,NaN
