# Location,Boise River Basin
# Site,Banner Open
# PitID,IDBRBO
# Date/Local Time,2020-01-30T13:40
# UTM Zone,11N
# Easting (m),640699
# Northing (m),4907213
# Latitude (deg),44.30455
# Longitude (deg),-115.23604
# Slope (deg),7
# Aspect (deg),NaN
# Air Temp (deg C),-0.3
# Total Depth (cm),127
# Surveyors,"I. Brangers, P. Youngblood"
# WISe Serial No,nan
# Weather,nan
# Precip,None
# Sky,Clear
# Wind,Calm
# Ground Condition,Frozen
# Ground Roughness,Smooth
# Ground Vegetation,"Bare,Grass"
# Vegetation Depth,5
# Tree Canopy,No Trees
# Comments:,"3cm density samples from Peter. M. Mason averaged from Pete's notebook
and filled out pit book."
