# Location,Boise River Basin
# Site,Bogus Upper
# PitID,IDBRBU
# Date/Local Time,2020-02-20T11:00
# UTM Zone,11N
# Easting (m),573240
# Northing (m),4845491
# Latitude (deg),43.75884
# Longitude (deg),-116.09017
# Slope (deg),13
# Aspect (deg),NaN
# Air Temp (deg C),-2.9
# Total Depth (cm),143
# Surveyors,"M. Mason, I. Brangers"
# WISe Serial No,WIS007A
# Weather,"Light clouds, cold, windy, good visibility! PD: low value (#8) is by tree and is correct."
# Precip,None
# Sky,Broken (> 1/2 of sky)
# Wind,Moderate
# Ground Condition,Moist
# Ground Roughness,Smooth
# Ground Vegetation,Grass
# Vegetation Depth,5
# Tree Canopy,Sparse (5-20%)
# Comments:,"133-123cm - ice layer at the bottom of this interval, difficult to
sample."
