# Location,Boise River Basin
# Site,Banner Open
# PitID,IDBRBO
# Date/Local Time,2020-01-09T14:11
# UTM Zone,11N
# Easting (m),640699
# Northing (m),4907213
# Latitude (deg),44.30455
# Longitude (deg),-115.23604
# Slope (deg),4
# Aspect (deg),NaN
# Air Temp (deg C),-5
# Total Depth (cm),91
# Surveyors,"I. Brangers, P. Youngblood"
# WISe Serial No,nan
# Weather,PD: Perimeter depths measured with magnaprobe. 
# Precip,None
# Sky,Few (< 1/4 of sky)
# Wind,Light
# Ground Condition,Frozen
# Ground Roughness,Smooth
# Ground Vegetation,Grass
# Vegetation Depth,5
# Tree Canopy,No Trees
# Comments:,"3cm density profile made by P. Youngblood (only one profile). Density
averaged and recorded on pit book by M. Mason"
