# Location,Boise River Basin
# Site,Banner Open
# PitID,IDBRBO
# Date/Local Time,2020-01-09T14:11
# UTM Zone,11N
# Easting,640699
# Northing,4907213
# Latitude,44.30455
# Longitude,-115.23604
"# Top
(cm)","Bottom
(cm)",Avg Density (kg/m3),Permittivity A,Permittivity B,LWC-vol A (%),LWC-vol B (%)
91.0,81.0,60.0,NaN,NaN,NaN,NaN
81.0,71.0,65.0,NaN,NaN,NaN,NaN
71.0,61.0,116.0,NaN,NaN,NaN,NaN
61.0,51.0,133.0,NaN,NaN,NaN,NaN
51.0,41.0,198.0,NaN,NaN,NaN,NaN
41.0,31.0,138.0,NaN,NaN,NaN,NaN
31.0,21.0,163.0,NaN,NaN,NaN,NaN
21.0,11.0,273.0,NaN,NaN,NaN,NaN
11.0,1.0,265.0,NaN,NaN,NaN,NaN
