# Location,Boise River Basin
# Site,Banner Open
# PitID,IDBRBO
# Date/Local Time,2020-03-05T12:45
# UTM Zone,11N
# Easting (m),640699
# Northing (m),4907213
# Latitude (deg),44.30455
# Longitude (deg),-115.23604
# Slope (deg),0
# Aspect (deg),NaN
# Air Temp (deg C),8.6
# Total Depth (cm),115
# Surveyors,"M. Mason, I. Brangers"
# WISe Serial No,WIS007A
# Weather,"sunny, warm, light breeze on and off"
# Precip,None
# Sky,Few (< 1/4 of sky)
# Wind,Light
# Ground Condition,Frozen
# Ground Roughness,Smooth
# Ground Vegetation,"Grass,Shrub"
# Vegetation Depth,"7,10"
# Tree Canopy,No Trees
# Comments:,Surf temp @ 13:00 / grd temp @ 13:09
