# Location,Boise River Basin
# Site,LDP Tree
# PitID,IDBRLT
# Date/Local Time,2020-02-20T10:42
# UTM Zone,11N
# Easting,570823
# Northing,4842965
# Latitude,43.73634
# Longitude,-116.12052
"# Top
(cm)","Bottom
(cm)",Avg Density (kg/m3),Permittivity A,Permittivity B,LWC-vol A (%),LWC-vol B (%)
71.0,61.0,190.66666666666666,NaN,NaN,NaN,NaN
61.0,51.0,NaN,NaN,NaN,NaN,NaN
51.0,41.0,NaN,NaN,NaN,NaN,NaN
41.0,31.0,NaN,NaN,NaN,NaN,NaN
31.0,25.0,NaN,NaN,NaN,NaN,NaN
25.0,15.0,290.6666666666667,NaN,NaN,NaN,NaN
19.0,9.0,296.0,NaN,NaN,NaN,NaN
