# Location,Boise River Basin
# Site,LDP Tree
# PitID,IDBRLT
# Date/Local Time,2020-02-20T10:42
# UTM Zone,11N
# Easting (m),570823
# Northing (m),4842965
# Latitude (deg),43.73634
# Longitude (deg),-116.12052
# Slope (deg),30
# Aspect (deg),140
# Air Temp (deg C),-3.3
# Total Depth (cm),71
# Surveyors,"M. Kraft, D. Murray"
# WISe Serial No,nan
# Weather,"sunny, high clounds, no winds"
# Precip,None
# Sky,Few (< 1/4 of sky)
# Wind,Calm
# Ground Condition,Frozen
# Ground Roughness,Rough
# Ground Vegetation,"Grass,Shrub"
# Vegetation Depth,"3,10"
# Tree Canopy,Closed (>70%)
# Comments:,"55-38 cm is debris and ice chunks.  Inconsistent layer depths.  61-25
cm ice chunks prevented density measurements.  9-0cm was ice; not able
to get density."
