# Location,Boise River Basin
# Site,Banner Snotel
# PitID,IDBRBS
# Date/Local Time,2020-01-23T11:00
# UTM Zone,11N
# Easting,640819
# Northing,4907111
# Latitude,44.30361
# Longitude,-115.23456
"# Top
(cm)","Bottom
(cm)",Avg Density (kg/m3),Permittivity A,Permittivity B,LWC-vol A (%),LWC-vol B (%)
115.0,105.0,105.0,NaN,NaN,NaN,NaN
105.0,95.0,173.5,NaN,NaN,NaN,NaN
95.0,85.0,167.0,NaN,NaN,NaN,NaN
85.0,75.0,212.0,NaN,NaN,NaN,NaN
75.0,65.0,227.0,NaN,NaN,NaN,NaN
65.0,55.0,264.0,NaN,NaN,NaN,NaN
55.0,45.0,286.0,NaN,NaN,NaN,NaN
45.0,35.0,301.5,NaN,NaN,NaN,NaN
35.0,25.0,307.0,NaN,NaN,NaN,NaN
25.0,15.0,312.0,NaN,NaN,NaN,NaN
15.0,5.0,307.6666666666667,NaN,NaN,NaN,NaN
