# Location,Boise River Basin
# Site,Banner Snotel
# PitID,IDBRBS
# Date/Local Time,2020-01-23T11:00
# UTM Zone,11N
# Easting (m),640819
# Northing (m),4907111
# Latitude (deg),44.30361
# Longitude (deg),-115.23456
# Slope (deg),4
# Aspect (deg),NaN
# Air Temp (deg C),-0.1
# Total Depth (cm),115
# Surveyors,"M. Mason, I. Brangers"
# WISe Serial No,nan
# Weather,"small flakes of snow @1pm. Very light rain at some point. Precip=Snow and Rain. IB: forgot SWE tube, instead did density measurements (small 250cc cutter) to solve for SWE; HN=58cm, avg. density=175kg/m3 - (58cm x 175kg/m3)/100 = 102 mm SWE.  PD: perimeter heights with magnaprobe"
# Precip,None
# Sky,Overcast(complete cover)
# Wind,Calm
# Ground Condition,Frozen
# Ground Roughness,Smooth
# Ground Vegetation,"Grass,Deadfall"
# Vegetation Depth,10
# Tree Canopy,Sparse (5-20%)
# Comments:,"No LWC insturement, snow is predominantly dry. SMP files: -661, -662,
-664.  There was a variable ice layer at 15-5cm. The ice prevented
density sampling at 10-0cm."
