# Location,Boise River Basin
# Site,Mores Creek Summit
# PitID,IDBRMC
# Date/Local Time,2020-03-11T12:00
# UTM Zone,11N
# Easting (m),606192
# Northing (m),4866876
# Latitude (deg),43.94735
# Longitude (deg),-115.67666
# Slope (deg),30
# Aspect (deg),90
# Air Temp (deg C),NaN
# Total Depth (cm),235
# Surveyors,C. Rodriguez
# WISe Serial No,nan
# Weather,"Clear, calm"
# Precip,None
# Sky,Clear
# Wind,Calm
# Ground Condition,Moist
# Ground Roughness,Rough
# Ground Vegetation,"Grass,Shrub"
# Vegetation Depth,15
# Tree Canopy,No Trees
# Comments:,"Small, 250 cc density, cutter used for density samples."
