# Location,Boise River Basin
# Site,LDP Open
# PitID,IDBRLO
# Date/Local Time,2020-03-11T10:30
# UTM Zone,11N
# Easting,570716
# Northing,4843040
# Latitude,43.73702
# Longitude,-116.12184
"# Top
(cm)","Bottom
(cm)",Avg Density (kg/m3),Permittivity A,Permittivity B,LWC-vol A (%),LWC-vol B (%)
72.0,62.0,386.0,NaN,NaN,NaN,NaN
62.0,52.0,422.0,NaN,NaN,NaN,NaN
52.0,42.0,382.0,NaN,NaN,NaN,NaN
42.0,32.0,398.0,NaN,NaN,NaN,NaN
32.0,22.0,392.0,NaN,NaN,NaN,NaN
22.0,12.0,397.3333333333333,NaN,NaN,NaN,NaN
12.0,2.0,344.0,NaN,NaN,NaN,NaN
