# Location,Boise River Basin
# Site,Banner Snotel
# PitID,IDBRBS
# Date/Local Time,2020-02-06T12:00
# UTM Zone,11N
# Easting (m),640819
# Northing (m),4907111
# Latitude (deg),44.30361
# Longitude (deg),-115.23456
# Slope (deg),5
# Aspect (deg),NaN
# Air Temp (deg C),-0.2
# Total Depth (cm),135
# Surveyors,"I. Brangers, T. Otheim"
# WISe Serial No,nan
# Weather,precip = light snow
# Precip,Light
# Sky,Overcast(complete cover)
# Wind,Calm
# Ground Condition,Frozen
# Ground Roughness,Smooth
# Ground Vegetation,"Bare,Grass"
# Vegetation Depth,5
# Tree Canopy,Sparse (5-20%)
# Comments:,nan
