# Location,Boise River Basin
# Site,Banner Snotel
# PitID,IDBRBS
# Date/Local Time,2020-02-06T12:00
# UTM Zone,11N
# Easting,640819
# Northing,4907111
# Latitude,44.30361
# Longitude,-115.23456
# Top (cm),Bottom (cm),Grain Size (mm),Grain Type,Hand Hardness,Manual Wetness,Comments
137.0,123.0,< 1 mm,DF,F,D,137-134 cm are Wet (upper 3cms). 
123.0,110.0,< 1 mm,DF,F,D,NaN
110.0,86.0,< 1 mm,DF,4F,D,NaN
86.0,73.0,< 1 mm,RG,1F,D,NaN
73.0,36.0,< 1 mm,RG,P,D,NaN
36.0,10.0,1-2 mm,RG,1F,D,NaN
10.0,0.0,[],MFCR,K,D,icy crust layer
