# Location,Boise River Basin
# Site,LDP Open
# PitID,IDBRLO
# Date/Local Time,2020-02-12T15:19
# UTM Zone,11N
# Easting (m),570716
# Northing (m),4843040
# Latitude (deg),43.73702
# Longitude (deg),-116.12184
# Slope (deg),19
# Aspect (deg),178
# Air Temp (deg C),0.9
# Total Depth (cm),94
# Surveyors,"M. Kraft, D. Murray"
# WISe Serial No,nan
# Weather,"sunny, light wind"
# Precip,None
# Sky,Clear
# Wind,Light
# Ground Condition,Frozen
# Ground Roughness,Rough
# Ground Vegetation,Shrub
# Vegetation Depth,12
# Tree Canopy,No Trees
# Comments:,14 cm to 0 cm were too shrubby for density measurements.
