# Location,Boise River Basin
# Site,Banner Snotel
# PitID,IDBRBS
# Date/Local Time,2020-02-27T10:30
# UTM Zone,11N
# Easting (m),640819
# Northing (m),4907111
# Latitude (deg),44.30361
# Longitude (deg),-115.23456
# Slope (deg),3
# Aspect (deg),NaN
# Air Temp (deg C),-1.6
# Total Depth (cm),133
# Surveyors,"M. Mason, I. Brangers"
# WISe Serial No,WIS007A
# Weather,"Clear, sunny, warm!"
# Precip,None
# Sky,Clear
# Wind,Calm
# Ground Condition,Frozen
# Ground Roughness,Smooth
# Ground Vegetation,Bare
# Vegetation Depth,
# Tree Canopy,Sparse (5-20%)
# Comments:, Surface temp @ 10:55 / Ground temp @ 11:05
