# Location,Boise River Basin
# Site,Banner Snotel
# PitID,IDBRBS
# Date/Local Time,2020-03-05T10:40
# UTM Zone,11N
# Easting (m),640819
# Northing (m),4907111
# Latitude (deg),44.30361
# Longitude (deg),-115.23456
# Slope (deg),5
# Aspect (deg),NaN
# Air Temp (deg C),0.5
# Total Depth (cm),126
# Surveyors,"M. Mason, I. Brangers"
# WISe Serial No,WIS007A
# Weather,"Sunny, warm, thin cloud layer comes and goes. Smallest breeze in upper parts of the trees. IB: feather like crystals on interval board, unusual, but likely that large cryastals dropped from the tree branches above and collected on the board. All pine trees had significant feathery crystal gowth on all branches up to a cm in size on the hike in; absolutely beautiful and very delicate. "
# Precip,None
# Sky,Few (< 1/4 of sky)
# Wind,Calm
# Ground Condition,Frozen
# Ground Roughness,Smooth
# Ground Vegetation,Bare
# Vegetation Depth,
# Tree Canopy,Sparse (5-20%)
# Comments:,"start temp time: 10:43 / end temp time: 11:00.   At  46-36 cm, density
profile A had a vertical ice formation in the sample."
