# Location,Boise River Basin
# Site,Banner Snotel
# PitID,IDBRBS
# Date/Local Time,2020-03-05T10:40
# UTM Zone,11N
# Easting,640819
# Northing,4907111
# Latitude,44.30361
# Longitude,-115.23456
# Top (cm),Bottom (cm),Grain Size (mm),Grain Type,Hand Hardness,Manual Wetness,Comments
126.0,123.0,1-2 mm,MFCR,1F,M,"3 cm crust, easy to break big pieces of it"
123.0,96.0,< 1 mm,FC,F,D,sugary
96.0,79.0,< 1 mm,FC,4F,D,some edges have round corners
79.0,48.0,< 1 mm,RG,1F,D,NaN
48.0,33.0,1-2 mm,RG,P,D,NaN
33.0,8.0,2-4 mm,FC,1F,D,"""Those are big!"" -Isis. mean grain size=2.5 mm"
8.0,0.0,[],MFCR,K,D,icy crust layer. no grain size.
