# Location,Boise River Basin
# Site,Bogus Upper
# PitID,IDBRBU
# Date/Local Time,2020-03-04T14:55
# UTM Zone,11N
# Easting (m),573240
# Northing (m),4845491
# Latitude (deg),43.75884
# Longitude (deg),-116.09017
# Slope (deg),14
# Aspect (deg),148
# Air Temp (deg C),1.2
# Total Depth (cm),126
# Surveyors,"M. Mason, I. Brangers, T. Meehan"
# WISe Serial No,WIS007A
# Weather,"sunny, thin cloud cover. Light wind, trees moving back and forth , but not strong near the surface. PD: old skin track to the south has the most organic matter/small dirt particles on it. "
# Precip,None
# Sky,Few (< 1/4 of sky)
# Wind,Light
# Ground Condition,Frozen
# Ground Roughness,Smooth
# Ground Vegetation,Shrub
# Vegetation Depth,14
# Tree Canopy,Sparse (5-20%)
# Comments:,Rough and quite dirty surface. Warm snow pit conditions.
