# Location,Boise River Basin
# Site,LDP Tree
# PitID,IDBRLT
# Date/Local Time,2020-02-12T14:00
# UTM Zone,11N
# Easting (m),570823
# Northing (m),4842965
# Latitude (deg),43.73634
# Longitude (deg),-116.12052
# Slope (deg),16
# Aspect (deg),140
# Air Temp (deg C),0.6
# Total Depth (cm),60
# Surveyors,"M. Kraft, D. Murray"
# WISe Serial No,nan
# Weather,"sunny, light wind"
# Precip,None
# Sky,Clear
# Wind,Light
# Ground Condition,Frozen
# Ground Roughness,Rough
# Ground Vegetation,Shrub
# Vegetation Depth,5
# Tree Canopy,Closed (>70%)
# Comments:,"60-36cm: ice chunks in top of snowpack from trees dropping snow bombs.
16-0cm was ice."
