# Location,Boise River Basin
# Site,Banner Snotel
# PitID,IDBRBS
# Date/Local Time,2020-02-13T11:30
# UTM Zone,11N
# Easting (m),640819
# Northing (m),4907111
# Latitude (deg),44.30361
# Longitude (deg),-115.23456
# Slope (deg),NaN
# Aspect (deg),NaN
# Air Temp (deg C),-6.5
# Total Depth (cm),134
# Surveyors,"T. Otheim, I. Brangers"
# WISe Serial No,WIS007A
# Weather,nan
# Precip,None
# Sky,Clear
# Wind,Calm
# Ground Condition,Frozen
# Ground Roughness,Rough
# Ground Vegetation,Bare
# Vegetation Depth,
# Tree Canopy,Sparse (5-20%)
# Comments:,nan
