# Location,Boise River Basin
# Site,Banner Snotel
# PitID,IDBRBS
# Date/Local Time,2020-01-09T10:30
# UTM Zone,11N
# Easting,640819
# Northing,4907111
# Latitude,44.30361
# Longitude,-115.23456
# Top (cm),Bottom (cm),Density A (kg/m3),Density B (kg/m3),Density C (kg/m3)
93.0,83.0,35.0,45.0,NaN
83.0,73.0,81.0,91.0,NaN
73.0,63.0,105.0,107.0,NaN
63.0,53.0,135.0,126.0,NaN
53.0,43.0,194.0,196.0,NaN
43.0,33.0,224.0,230.0,NaN
33.0,23.0,252.0,258.0,NaN
23.0,13.0,261.0,277.0,NaN
15.0,5.0,333.0,331.0,NaN
