# Location,Boise River Basin
# Site,Banner Snotel
# PitID,IDBRBS
# Date/Local Time,2020-01-09T10:30
# UTM Zone,11N
# Easting,640819
# Northing,4907111
# Latitude,44.30361
# Longitude,-115.23456
# Top (cm),Bottom (cm),Grain Size (mm),Grain Type,Hand Hardness,Manual Wetness,Comments
93.0,79.0,< 1 mm,PP,F,D,NaN
79.0,65.0,< 1 mm,PP,4F,D,NaN
65.0,58.0,< 1 mm,DF,4F,D,"some PP and FC. Variable hardness, some 1F"
58.0,50.0,< 1 mm,DF,1F,D,NaN
50.0,31.0,1-2 mm,DF,1F,D,NaN
31.0,20.0,1-2 mm,DF,1F,D,NaN
20.0,6.0,< 1 mm,DF,P,D,NaN
6.0,0.0,1-2 mm,MFCR,I,D,icy crust layer
