# Location,Boise River Basin
# Site,Banner Open
# PitID,IDBRBO
# Date/Local Time,2020-02-27T12:40
# UTM Zone,11N
# Easting (m),640699
# Northing (m),4907213
# Latitude (deg),44.30455
# Longitude (deg),-115.23604
# Slope (deg),3
# Aspect (deg),NaN
# Air Temp (deg C),4
# Total Depth (cm),124
# Surveyors,"M. Mason, I. Brangers"
# WISe Serial No,WIS007A
# Weather,"Clear, Sunny, 0% cloud cover. IB: wetter towards the bottom, used putty knife to peel up heavy clear snow layer (~1cm)."
# Precip,None
# Sky,Clear
# Wind,Calm
# Ground Condition,Frozen
# Ground Roughness,Smooth
# Ground Vegetation,Shrub
# Vegetation Depth,8
# Tree Canopy,No Trees
# Comments:,"Surface temp @ 13:05. Ground Temp @ 13:22.  Density at 24-14cm,
Profile A (329g) had little organic mattter in sample."
