# Location,Boise River Basin
# Site,LDP Open
# PitID,IDBRLO
# Date/Local Time,2020-02-26T09:28
# UTM Zone,11N
# Easting (m),570716
# Northing (m),4843040
# Latitude (deg),43.73702
# Longitude (deg),-116.12184
# Slope (deg),15
# Aspect (deg),178
# Air Temp (deg C),0.1
# Total Depth (cm),101
# Surveyors,"M. Kraft, D. Murray"
# WISe Serial No,nan
# Weather,"sunny, scattered clouds, calm"
# Precip,None
# Sky,Scattered (1/4 - 1/2 of sky)
# Wind,Calm
# Ground Condition,Moist
# Ground Roughness,Rough
# Ground Vegetation,"Grass,Shrub"
# Vegetation Depth,"30,33"
# Tree Canopy,No Trees
# Comments:,"from 21cm to ground there were shrubs in the way of density
measurements"
