# Location,Boise River Basin
# Site,Bogus Upper
# PitID,IDBRBU
# Date/Local Time,2020-01-31T13:30
# UTM Zone,11N
# Easting (m),573240
# Northing (m),4845491
# Latitude (deg),43.75884
# Longitude (deg),-116.09017
# Slope (deg),20
# Aspect (deg),NaN
# Air Temp (deg C),-0.3
# Total Depth (cm),111
# Surveyors,"A. Vincent, I. Brangers"
# WISe Serial No,nan
# Weather,Foggy
# Precip,None
# Sky,Overcast(complete cover)
# Wind,Light
# Ground Condition,Moist
# Ground Roughness,Smooth
# Ground Vegetation,Grass
# Vegetation Depth,6
# Tree Canopy,Sparse (5-20%)
# Comments:,"No LWC instrument, would have been interesting. Steep slope and
nearing the edge of the plot, start new row of pits next week."
