# Location,Boise River Basin
# Site,Bogus Upper
# PitID,IDBRBU
# Date/Local Time,2020-01-31T13:30
# UTM Zone,11N
# Easting,573240
# Northing,4845491
# Latitude,43.75884
# Longitude,-116.09017
"# Top
(cm)","Bottom
(cm)",Avg Density (kg/m3),Permittivity A,Permittivity B,LWC-vol A (%),LWC-vol B (%)
111.0,101.0,179.0,NaN,NaN,NaN,NaN
101.0,91.0,169.0,NaN,NaN,NaN,NaN
91.0,81.0,207.5,NaN,NaN,NaN,NaN
81.0,71.0,203.66666666666666,NaN,NaN,NaN,NaN
71.0,61.0,267.5,NaN,NaN,NaN,NaN
61.0,51.0,293.0,NaN,NaN,NaN,NaN
51.0,41.0,300.0,NaN,NaN,NaN,NaN
41.0,31.0,320.5,NaN,NaN,NaN,NaN
31.0,21.0,321.0,NaN,NaN,NaN,NaN
21.0,11.0,308.0,NaN,NaN,NaN,NaN
13.0,3.0,335.0,NaN,NaN,NaN,NaN
