# Location,Boise River Basin
# Site,Banner Snotel
# PitID,IDBRBS
# Date/Local Time,2020-03-12T11:00
# UTM Zone,11N
# Easting (m),640819
# Northing (m),4907111
# Latitude (deg),44.30361
# Longitude (deg),-115.23456
# Slope (deg),0
# Aspect (deg),NaN
# Air Temp (deg C),-2.6
# Total Depth (cm),133
# Surveyors,I. Brangers and M. Mason
# WISe Serial No,WIS007A
# Weather,sunny and clear. IB: crust layer on top few centimeters
# Precip,None
# Sky,Clear
# Wind,Calm
# Ground Condition,Frozen
# Ground Roughness,Smooth
# Ground Vegetation,Grass
# Vegetation Depth,11
# Tree Canopy,Sparse (5-20%)
# Comments:,Surface temp @ 11:22 / Ground temp @ 11:35.
