# Location,Boise River Basin
# Site,LDP Open
# PitID,IDBRLO
# Date/Local Time,2020-01-22T15:12
# UTM Zone,11N
# Easting (m),570716
# Northing (m),4843040
# Latitude (deg),43.73702
# Longitude (deg),-116.12184
# Slope (deg),20
# Aspect (deg),178
# Air Temp (deg C),-1.6
# Total Depth (cm),70
# Surveyors,"M. Kraft, D. Murray"
# WISe Serial No,nan
# Weather,"partly sunny, no wind"
# Precip,None
# Sky,Few (< 1/4 of sky)
# Wind,Calm
# Ground Condition,Frozen
# Ground Roughness,Rough
# Ground Vegetation,Shrub
# Vegetation Depth,21
# Tree Canopy,No Trees
# Comments:,"Bushes prevented density measurements from 20-0cm. Some vegetation in
30-20cm profile B."
