# Location,Boise River Basin
# Site,LDP Open
# PitID,IDBRLO
# Date/Local Time,2020-03-04T12:10
# UTM Zone,11N
# Easting,570716
# Northing,4843040
# Latitude,43.73702
# Longitude,-116.12184
"# Top
(cm)","Bottom
(cm)",Avg Density (kg/m3),Permittivity A,Permittivity B,LWC-vol A (%),LWC-vol B (%)
90.0,80.0,468.0,NaN,NaN,NaN,NaN
80.0,70.0,362.0,NaN,NaN,NaN,NaN
70.0,60.0,354.6666666666667,NaN,NaN,NaN,NaN
60.0,50.0,358.0,NaN,NaN,NaN,NaN
50.0,40.0,370.0,NaN,NaN,NaN,NaN
40.0,30.0,396.0,NaN,NaN,NaN,NaN
30.0,20.0,334.6666666666667,NaN,NaN,NaN,NaN
20.0,10.0,360.0,NaN,NaN,NaN,NaN
10.0,0.0,369.3333333333333,NaN,NaN,NaN,NaN
