# Location,Boise River Basin
# Site,LDP Open
# PitID,IDBRLO
# Date/Local Time,2020-03-04T12:10
# UTM Zone,11N
# Easting,570716
# Northing,4843040
# Latitude,43.73702
# Longitude,-116.12184
# Top (cm),Bottom (cm),Grain Size (mm),Grain Type,Hand Hardness,Manual Wetness,Comments
90.0,87.0,2-4 mm,MF,F,M,NaN
87.0,82.0,2-4 mm,MF,1F,M,NaN
82.0,71.0,2-4 mm,MF,4F,M,NaN
71.0,62.0,2-4 mm,MF,F,M,NaN
62.0,52.0,2-4 mm,MF,F,M,NaN
52.0,42.0,2-4 mm,MF,4F,M,NaN
42.0,14.0,2-4 mm,MF,4F,M,NaN
14.0,0.0,1-2 mm,MF,F,M,NaN
