# Location,Boise River Basin
# Site,LDP Open
# PitID,IDBRLO
# Date/Local Time,2020-03-04T12:10
# UTM Zone,11N
# Easting (m),570716
# Northing (m),4843040
# Latitude (deg),43.73702
# Longitude (deg),-116.12184
# Slope (deg),19
# Aspect (deg),135
# Air Temp (deg C),5.8
# Total Depth (cm),90
# Surveyors,"D. Murray, J. Morell"
# WISe Serial No,nan
# Weather,"scattered clouds, light wind, sunny"
# Precip,None
# Sky,Scattered (1/4 - 1/2 of sky)
# Wind,Light
# Ground Condition,Saturated
# Ground Roughness,Smooth
# Ground Vegetation,Bare
# Vegetation Depth,
# Tree Canopy,No Trees
# Comments:,"Moved pit ~10 m N of previous pit due to snowshoe traffic. Dirt in
snow at the bottom and voids in snow.  pit wall photo was corrupted."
