# Location,Boise River Basin
# Site,LDP Tree
# PitID,IDBRLT
# Date/Local Time,2020-02-26T11:15
# UTM Zone,11N
# Easting (m),570823
# Northing (m),4842965
# Latitude (deg),43.73634
# Longitude (deg),-116.12052
# Slope (deg),16
# Aspect (deg),142
# Air Temp (deg C),0.5
# Total Depth (cm),68
# Surveyors,"M. Kraft, D. Murray"
# WISe Serial No,nan
# Weather,"partly sunny, calm"
# Precip,None
# Sky,Scattered (1/4 - 1/2 of sky)
# Wind,Calm
# Ground Condition,Moist
# Ground Roughness,Rough
# Ground Vegetation,Deadfall
# Vegetation Depth,3
# Tree Canopy,Closed (>70%)
# Comments:,"tree debris on surface.  59-41 cm chunky ice in the snowpack (snow
bombs from trees). 12-0 cm was ice and not able to sample density."
