# Location,Boise River Basin
# Site,Bogus Upper
# PitID,IDBRBU
# Date/Local Time,2020-01-08T11:55
# UTM Zone,11N
# Easting,573240
# Northing,4845491
# Latitude,43.75884
# Longitude,-116.09017
# Top (cm),Bottom (cm),Grain Size (mm),Grain Type,Hand Hardness,Manual Wetness,Comments
68.0,59.0,< 1 mm,DF,F,D,0.2-0.5 mm graupel at surface
56.0,42.0,< 1 mm,DF,4F,D,Some rounds
42.0,29.0,< 1 mm,RG,1F,D,"Some DF, clusters 1-2 mm"
29.0,15.0,< 1 mm,RG,1F,D,"Some DF, clusters 1 mm"
15.0,0.0,1-2 mm,RG,P,D,"Some FC, some grains <1 mm"
