# Location,Boise River Basin
# Site,Bogus Upper
# PitID,IDBRBU
# Date/Local Time,2020-01-08T11:55
# UTM Zone,11N
# Easting,573240
# Northing,4845491
# Latitude,43.75884
# Longitude,-116.09017
"# Top
(cm)","Bottom
(cm)",Avg Density (kg/m3),Permittivity A,Permittivity B,LWC-vol A (%),LWC-vol B (%)
68.0,58.0,147.0,NaN,NaN,NaN,NaN
58.0,48.0,219.5,NaN,NaN,NaN,NaN
48.0,38.0,237.5,NaN,NaN,NaN,NaN
38.0,28.0,290.0,NaN,NaN,NaN,NaN
28.0,18.0,289.0,NaN,NaN,NaN,NaN
18.0,8.0,319.0,NaN,NaN,NaN,NaN
10.0,0.0,332.5,NaN,NaN,NaN,NaN
