# Location,Boise River Basin
# Site,Bogus Upper
# PitID,IDBRBU
# Date/Local Time,2020-01-08T11:55
# UTM Zone,11N
# Easting (m),573240
# Northing (m),4845491
# Latitude (deg),43.75884
# Longitude (deg),-116.09017
# Slope (deg),8
# Aspect (deg),191
# Air Temp (deg C),-4.4
# Total Depth (cm),68
# Surveyors,"I. Brangers, HP Marshall"
# WISe Serial No,nan
# Weather,PD:Perimeter height of snow (snow depth) was measured with magnaprobe. 
# Precip,Very Light
# Sky,Overcast(complete cover)
# Wind,Light
# Ground Condition,Moist
# Ground Roughness,Rough
# Ground Vegetation,Shrub
# Vegetation Depth,30-50
# Tree Canopy,Sparse (5-20%)
# Comments:,"Snow micropenetrometer files S19M0644, -645, -646."
