# Location,Boise River Basin
# Site,LDP Open
# PitID,IDBRLO
# Date/Local Time,2020-02-20T08:45
# UTM Zone,11N
# Easting,570716
# Northing,4843040
# Latitude,43.73702
# Longitude,-116.12184
"# Top
(cm)","Bottom
(cm)",Avg Density (kg/m3),Permittivity A,Permittivity B,LWC-vol A (%),LWC-vol B (%)
111.0,101.0,196.0,NaN,NaN,NaN,NaN
101.0,91.0,202.0,NaN,NaN,NaN,NaN
91.0,81.0,328.0,NaN,NaN,NaN,NaN
81.0,71.0,301.3333333333333,NaN,NaN,NaN,NaN
71.0,61.0,261.3333333333333,NaN,NaN,NaN,NaN
61.0,51.0,288.0,NaN,NaN,NaN,NaN
51.0,41.0,289.3333333333333,NaN,NaN,NaN,NaN
41.0,31.0,317.3333333333333,NaN,NaN,NaN,NaN
31.0,21.0,294.0,NaN,NaN,NaN,NaN
21.0,11.0,292.0,NaN,NaN,NaN,NaN
