# Location,Boise River Basin
# Site,LDP Open
# PitID,IDBRLO
# Date/Local Time,2020-02-20T08:45
# UTM Zone,11N
# Easting (m),570716
# Northing (m),4843040
# Latitude (deg),43.73702
# Longitude (deg),-116.12184
# Slope (deg),15
# Aspect (deg),178
# Air Temp (deg C),-4.8
# Total Depth (cm),111
# Surveyors,"M. Kraft, D. Murray"
# WISe Serial No,nan
# Weather,"sunny, high clouds, moderate breeze"
# Precip,None
# Sky,Few (< 1/4 of sky)
# Wind,Moderate
# Ground Condition,Moist
# Ground Roughness,Rough
# Ground Vegetation,Shrub
# Vegetation Depth,18
# Tree Canopy,No Trees
# Comments:,"Several bushes from 21 cm to ground; only able to get 1 quality
density measurement."
