# Location,Boise River Basin
# Site,Banner Open
# PitID,IDBRBO
# Date/Local Time,2020-01-23T14:30
# UTM Zone,11N
# Easting,640699
# Northing,4907213
# Latitude,44.30455
# Longitude,-115.23604
# Top (cm),Bottom (cm),Grain Size (mm),Grain Type,Hand Hardness,Manual Wetness,Comments
112.0,107.0,< 1 mm,DF,F,M,"dry at 9:30am, moist layer formed today by 11am (observation from Banner-snotel pit site). "
107.0,93.0,< 1 mm,DF,F,D,close to moist
93.0,75.0,< 1 mm,RG,4F,D,NaN
75.0,46.0,< 1 mm,RG,1F,D,NaN
46.0,31.0,1-2 mm,RG,1F,D,NaN
31.0,11.0,1-2 mm,RG,4F,D,NaN
11.0,0.0,2-4 mm,MF,4F,D,some facets/corners
