# Location,Boise River Basin
# Site,Banner Open
# PitID,IDBRBO
# Date/Local Time,2020-01-23T14:30
# UTM Zone,11N
# Easting (m),640699
# Northing (m),4907213
# Latitude (deg),44.30455
# Longitude (deg),-115.23604
# Slope (deg),0
# Aspect (deg),NaN
# Air Temp (deg C),-0.1
# Total Depth (cm),111
# Surveyors,"M. Mason, I. Brangers"
# WISe Serial No,nan
# Weather,"Light snow, warm, no wind, snow feels wetter at surface. Precip=Light Snow. IB: Forgot SWE tube, instead did extra density measurements. HN=53cm, avg density=166kg/m3; (53x166)/100=88mm SWE.  PD: took snow heights with magnaprobe, lots!"
# Precip,Very Light
# Sky,Overcast(complete cover)
# Wind,Calm
# Ground Condition,Frozen
# Ground Roughness,Smooth
# Ground Vegetation,Grass
# Vegetation Depth,
# Tree Canopy,No Trees
# Comments:,"Density 31-21cm: very easy to slide cutter in.  Density 21-11 &
19-9cm: air pocket in sample. SMP file: -665"
