# Location,Boise River Basin
# Site,Banner Open
# PitID,IDBRBO
# Date/Local Time,2020-01-23T14:30
# UTM Zone,11N
# Easting,640699
# Northing,4907213
# Latitude,44.30455
# Longitude,-115.23604
"# Top
(cm)","Bottom
(cm)",Avg Density (kg/m3),Permittivity A,Permittivity B,LWC-vol A (%),LWC-vol B (%)
111.0,101.0,121.0,NaN,NaN,NaN,NaN
101.0,91.0,175.5,NaN,NaN,NaN,NaN
91.0,81.0,204.66666666666666,NaN,NaN,NaN,NaN
81.0,71.0,221.0,NaN,NaN,NaN,NaN
71.0,61.0,254.5,NaN,NaN,NaN,NaN
61.0,51.0,282.5,NaN,NaN,NaN,NaN
51.0,41.0,312.0,NaN,NaN,NaN,NaN
41.0,31.0,299.5,NaN,NaN,NaN,NaN
31.0,21.0,315.5,NaN,NaN,NaN,NaN
21.0,11.0,317.6666666666667,NaN,NaN,NaN,NaN
19.0,9.0,292.0,NaN,NaN,NaN,NaN
