# Location,Boise River Basin
# Site,Bogus Upper
# PitID,IDBRBU
# Date/Local Time,2020-03-11T15:00
# UTM Zone,11N
# Easting (m),573240
# Northing (m),4845491
# Latitude (deg),43.75884
# Longitude (deg),-116.09017
# Slope (deg),17
# Aspect (deg),209
# Air Temp (deg C),3.8
# Total Depth (cm),112
# Surveyors,M. Mason and I. Brangers
# WISe Serial No,WIS007A
# Weather,"Sunny, thin clouds, mostly blue sky. IB: no evidence of melt, but snow is wet."
# Precip,None
# Sky,Clear
# Wind,Light
# Ground Condition,Moist
# Ground Roughness,Smooth
# Ground Vegetation,Shrub
# Vegetation Depth,23
# Tree Canopy,Sparse (5-20%)
# Comments:,"NIR camera had a dead battery :( Do not have the macroscope, doing
grain size by eye (not ideal).  Surf temp @ 14:56 / ground temp @
15:03.  Density (112-102): 302g, took 4th measurment. Density
(102-92): vertical ice structure.  Density (42-32): ice layer in the
middle."
