# Location,Boise River Basin
# Site,Banner Snotel
# PitID,IDBRBS
# Date/Local Time,2020-02-19T10:45
# UTM Zone,11N
# Easting (m),640819
# Northing (m),4907111
# Latitude (deg),44.30361
# Longitude (deg),-115.23456
# Slope (deg),0
# Aspect (deg),NaN
# Air Temp (deg C),-9.3
# Total Depth (cm),140
# Surveyors,"M. Mason, I. Brangers"
# WISe Serial No,WIS007A
# Weather,"Sunny, no clouds, cold! Sun feels great :)"
# Precip,None
# Sky,Clear
# Wind,Light
# Ground Condition,Frozen
# Ground Roughness,Smooth
# Ground Vegetation,"Bare,Grass"
# Vegetation Depth,5
# Tree Canopy,Sparse (5-20%)
# Comments:,surface temp @ 10:54 / grd temp @ 11:15
