# Location,Boise River Basin
# Site,LDP Tree
# PitID,IDBRLT
# Date/Local Time,2020-01-31T11:15
# UTM Zone,11N
# Easting (m),570823
# Northing (m),4842965
# Latitude (deg),43.73634
# Longitude (deg),-116.12052
# Slope (deg),22
# Aspect (deg),140
# Air Temp (deg C),0.4
# Total Depth (cm),55
# Surveyors,"M. Kraft, D. Murray"
# WISe Serial No,nan
# Weather,"cloudy, misty, trees are dropping snow. Precip = Snow"
# Precip,Very Light
# Sky,Overcast(complete cover)
# Wind,Calm
# Ground Condition,Frozen
# Ground Roughness,Rough
# Ground Vegetation,Deadfall
# Vegetation Depth,10
# Tree Canopy,Closed (>70%)
# Comments:,"15cm to ground could not get density measurements due to ice chunks
and shrubs"
